-0.078974654,0.383179724,4.689969605,9.697297724,0.675785208,56.95575,-0.030343526,0.221924603,0.621073961,0.038500507,987,1
0.028057359,0.398623136,4.784934498,10.20530337,0.635371179,57.55772321,0.000651585,0.233802262,0.557860262,0.048034934,916,1
0.022164857,0.527152083,4.644171779,10.03761578,0.649079755,58.70609377,0.014443586,0.39917079,0.569325153,0.029447853,815,1
0.043112563,0.387599677,4.880851064,10.57605221,0.631489362,45.12244072,0.015020242,0.254783552,0.570212766,0.040851064,1175,1
-0.01744146,0.366257543,4.606097561,9.617120668,0.68902439,55.75759398,0.007037112,0.319561451,0.615853659,0.036585366,820,1
0.057071018,0.395935961,4.860869565,11.19073078,0.574879227,47.50133651,0.023195117,0.184735674,0.529468599,0.042512077,1035,1
0.047848082,0.395182724,4.620903454,10.06530604,0.646589903,62.91824351,0.010700543,0.278641975,0.588131089,0.045172719,1129,1
0.068918651,0.395538767,4.901393355,10.77149069,0.603429796,50.14302612,0.048385417,0.326750356,0.546623794,0.038585209,933,1
0.049659091,0.363694084,4.736842105,10.08471904,0.661842105,47.0865508,0.039931034,0.280345101,0.6,0.084210526,760,1
-0.000723693,0.287124875,4.657488987,10.30204765,0.639867841,61.20430435,-0.001742794,0.242473342,0.581497797,0.037444934,908,1
0.007571829,0.306481642,4.85290404,11.04311952,0.601010101,49.0609548,-0.005122924,0.237918255,0.539772727,0.04229798,1584,1
0.061044864,0.360452578,4.945979128,11.6519675,0.577655003,39.2108528,0.045011134,0.299267179,0.526703499,0.02946593,1629,1
0.047851575,0.387410989,4.770398482,11.14381801,0.602150538,49.40091266,0.024055359,0.294315722,0.546489564,0.034155598,1581,1
0.022790043,0.355021146,4.858108108,11.29330894,0.579954955,46.58484057,0.02575958,0.269212732,0.518018018,0.03490991,888,1
0.064781835,0.428048519,4.792226148,11.09991531,0.601413428,51.00356198,0.05853971,0.388638406,0.544169611,0.033215548,1415,1
0.002564146,0.390001766,4.726385809,10.29192864,0.658093126,50.85487472,-0.008563289,0.343998316,0.592017738,0.045676275,2255,1
0.026341079,0.419291382,4.76928811,10.60665993,0.638837123,48.65925708,0.034369418,0.359781684,0.583674991,0.039508013,2683,1
0.014196729,0.461494333,4.642113095,10.09251845,0.65922619,57.00711003,0.013598264,0.337643711,0.607886905,0.046875,1344,1
0.044002927,0.413341215,4.910490857,10.83469217,0.632338787,41.93604688,0.030123106,0.354491091,0.572666025,0.051973051,2078,1
0.127178974,0.424927011,4.708103855,10.8605106,0.622344611,48.9700635,0.080968464,0.32696297,0.566483084,0.043273013,1271,1
0.057014156,0.471074833,4.60122164,10.24410296,0.676265271,53.1738387,0.029422063,0.395190055,0.607329843,0.068935428,1146,1
0.04040438,0.376464361,4.69921875,10.17057116,0.658203125,56.51257821,0.035037114,0.291616216,0.596354167,0.040364583,1536,1
0.051738341,0.411573347,4.558639833,9.47616505,0.704371964,53.66997451,0.041474799,0.329659554,0.657182512,0.047883414,1441,1
0.057126333,0.339660766,4.856164384,10.96295959,0.612442922,46.60596058,0.01029199,0.253294907,0.567351598,0.049657534,1752,1
0.062605179,0.394889981,4.871549894,10.81305165,0.621372965,44.0240083,0.035156274,0.314765986,0.567940552,0.04670913,2826,1
0.042124669,0.420304233,5.307824592,11.44548575,0.574376612,28.21182855,0.030039683,0.378548357,0.503009458,0.047291488,1163,1
0.0616097,0.334306054,5.09826111,11.33748723,0.550096605,45.48824501,0.04197245,0.253864023,0.502346122,0.049130555,3623,1
0.026378718,0.39871172,4.963626493,10.93898893,0.587404995,47.71338296,0.009979826,0.35184112,0.529858849,0.033659066,1842,1
0.059110795,0.391556818,5.13552705,11.45929397,0.563859453,33.84100521,0.058127317,0.355258131,0.509202454,0.037925265,1793,1
0.022177215,0.321465273,4.687487031,10.19369848,0.62295082,60.04119681,0.024655141,0.21297459,0.571072837,0.036937124,4819,1
0.058672831,0.354444288,5.015681544,10.88724556,0.592882992,41.90494461,0.043504912,0.308181186,0.539806996,0.043425814,1658,1
0.032095878,0.318922783,5.010416667,10.91443551,0.596130952,41.45978105,0.010754505,0.285404144,0.536309524,0.051190476,3360,1
0.049887499,0.35627252,4.706553756,10.58422179,0.604197349,61.47010894,0.031971823,0.286800964,0.560382916,0.056701031,2716,1
0.039143405,0.357600908,4.807623318,11.08860995,0.580717489,50.17795982,0.039136156,0.306549904,0.546188341,0.052017937,2230,1
0.027248848,0.341780371,5.087414755,11.25910168,0.56416615,47.27677097,0.013803931,0.281875292,0.505889647,0.047737136,1613,1
0.036935378,0.394729722,4.608695652,9.99845863,0.639083684,64.89878224,0.022732711,0.234852338,0.567554932,0.035530622,2139,1
0.041854257,0.39202809,4.865464632,10.76437165,0.59334258,56.32416325,0.035418784,0.289990894,0.547018031,0.044105409,3605,1
0.010519521,0.351135818,4.258389262,9.035127474,0.699244966,76.18178228,0.009694056,0.252125919,0.639681208,0.05033557,2384,1
0.048210766,0.364795638,4.684003152,10.4586238,0.605200946,56.6430754,0.038991497,0.251941903,0.560283688,0.039401103,1269,1
0.038597943,0.421496912,4.78678538,10.35638029,0.62371134,54.34400609,0.021094803,0.336885571,0.564667291,0.055763824,2134,1
0.036341826,0.462963018,4.874503574,11.11220227,0.567116759,48.19259182,0.014000349,0.382965512,0.542096902,0.058379666,2518,1
-0.007337684,0.358637885,4.719437939,10.67917713,0.594379391,61.3928549,0.000545225,0.255743802,0.542388759,0.036533958,2135,1
0.044023834,0.459997737,4.630396806,10.1396225,0.642874969,59.11651885,0.027418491,0.317505715,0.599950087,0.057149988,4007,1
0.073938657,0.462646833,4.57122219,10.5181783,0.622941346,55.29907388,0.054554567,0.336524572,0.585091014,0.058364634,3461,1
0.061979547,0.466235877,4.692194836,10.15572288,0.64407277,56.51154017,0.03694094,0.371844743,0.602992958,0.066901408,3408,1
0.108381376,0.470545196,4.674772036,10.61656291,0.610942249,57.73825902,0.06281121,0.329866755,0.579787234,0.061043566,3948,1
0.067773505,0.451258473,4.485674157,9.636150833,0.673033708,62.13857721,0.047168596,0.349742386,0.634831461,0.063764045,3560,1
0.117024402,0.48030701,4.698944193,10.67459285,0.606334842,60.3431188,0.072816909,0.349801063,0.580995475,0.063951735,3315,1
0.039845529,0.43797533,4.676550598,10.02564911,0.649075082,57.90036789,0.030583143,0.31741222,0.597116431,0.057943417,3676,1
0.087519322,0.483461672,4.511171498,9.942124537,0.64794686,67.07244624,0.057007405,0.33393549,0.608695652,0.06763285,3312,1
0.051998468,0.440991295,4.78369906,10.81714668,0.605363985,53.78137704,0.036442488,0.351176309,0.548241031,0.052594915,2871,1
0.037061506,0.407598878,4.685714286,10.56116493,0.625316456,53.9042896,0.026890071,0.311982163,0.57034358,0.046654611,2765,1
-0.018507538,0.38099026,4.725587703,10.34818409,0.636980108,51.33696431,-0.025959139,0.279717651,0.571428571,0.056057866,2212,1
0.024959617,0.457337358,4.971563981,11.48874256,0.566532993,44.63723392,0.016975497,0.362213994,0.535180459,0.046299672,2743,1
0.025581491,0.3912462,4.825546507,10.89280209,0.603086155,47.40037262,0.019049436,0.27241479,0.565795114,0.04672096,2333,1
0.012901635,0.458219611,4.74302171,11.03383636,0.593708463,50.23689714,0.004737759,0.366722083,0.545414267,0.046964998,2257,1
0.056152351,0.423755022,4.715773035,10.2972959,0.633524206,55.74128637,0.0558255,0.278349842,0.575741801,0.048412285,1921,1
0.038318436,0.438692682,4.692895556,10.52553407,0.617322389,56.65882362,0.033422113,0.318696923,0.560430229,0.045287291,3533,1
0.0268389,0.439290008,4.661269261,10.50963612,0.613214939,59.87411395,0.001326278,0.32499637,0.561504309,0.050404805,3829,1
0.104084811,0.461570127,4.733571216,10.31771049,0.627415998,55.02686539,0.061293891,0.256001699,0.578947368,0.047873922,3363,1
0.032517172,0.348539317,4.565517241,9.662170301,0.65799373,67.78700389,0.018721357,0.232698346,0.603134796,0.045141066,3190,1
0.004031258,0.402771681,4.512007685,10.06317314,0.648414986,60.54119845,0.004318756,0.330398137,0.584053794,0.040345821,1041,1
0.004031258,0.402771681,4.512007685,10.06317314,0.648414986,60.54119845,0.004318756,0.330398137,0.584053794,0.040345821,1041,1
0.03037518,0.465786991,4.981776765,11.16351157,0.592255125,40.20877907,0.075739087,0.437795711,0.503416856,0.066059226,439,1
0.055127611,0.401116925,4.508103728,9.624096993,0.674635332,60.56079328,0.05004556,0.314417015,0.618314425,0.055915721,2468,1
0.011412502,0.380214517,4.552723059,9.650577237,0.661259173,65.34874464,0.019750886,0.251559956,0.593279258,0.062572422,2589,1
0.039977477,0.357709633,4.940594059,11.19729056,0.582178218,47.06915204,0.072067901,0.277311847,0.528712871,0.033663366,505,1
0.036422764,0.334918699,5.21039604,11.79255357,0.527227723,40.02503817,0.038827778,0.286542593,0.477722772,0.032178218,404,1
0.055439204,0.456472774,4.706051047,10.58086859,0.603670777,57.86877725,0.037730074,0.316023488,0.561800975,0.055921996,3487,1
0.051842851,0.394937951,4.914670659,10.68948744,0.609281437,45.93845358,0.044069856,0.315385719,0.544161677,0.05239521,2672,1
0.005266839,0.477934163,4.481783112,8.97725056,0.711958851,67.48345709,0.01276717,0.353055211,0.656236605,0.043720532,2333,1
0.03728355,0.422375541,4.766328829,10.02723674,0.638513514,58.5268773,0.014905372,0.305925672,0.583333333,0.044481982,1776,1
0.03508389,0.419432609,4.661503155,9.887548563,0.655765921,58.48401683,0.038509372,0.294238222,0.604704532,0.044176707,1743,1
0.068502019,0.421069555,4.721859706,9.474913695,0.680261011,56.7835124,0.050260707,0.330139203,0.598694943,0.05954323,1226,1
0.06208459,0.428733657,4.860973188,10.41875907,0.623634558,49.76695574,0.05805602,0.321691127,0.559086395,0.047169811,2014,1
0.060422134,0.482557132,4.502403846,8.936029455,0.707932692,68.10085294,0.040112712,0.345804363,0.645432692,0.044471154,832,1
-0.058488036,0.477086101,4.405619597,8.760159515,0.720461095,70.25195257,-0.046946721,0.30664119,0.662824207,0.048270893,1388,1
0.026425519,0.444965332,4.654170572,9.395864324,0.686035614,63.63960229,0.023766337,0.320491711,0.626991565,0.070290534,1067,1
0.046222556,0.436155085,4.710892236,9.640263402,0.662804171,60.7761013,0.031183079,0.294300671,0.602549247,0.053302433,1726,1
0.021417435,0.4724501,4.61322228,9.347808745,0.676730869,66.93088921,0.005918386,0.319421837,0.624154086,0.041644977,1921,1
0.057245331,0.383670449,4.472327521,9.102007455,0.704700531,62.72917083,0.035178404,0.281717391,0.639499621,0.057240334,2638,1
0.047403868,0.434604835,4.361078082,8.738013407,0.718192628,70.88401882,0.016178096,0.211333856,0.643678161,0.050733254,2523,1
-0.038001255,0.391560801,4.574914089,9.927754411,0.652920962,61.8128274,-0.036248851,0.262575063,0.593814433,0.04604811,2910,1
0.050934872,0.429708415,4.514210756,9.357840228,0.696545693,61.52687605,0.026569714,0.329176006,0.6432007,0.049846961,2287,1
-0.022088675,0.411345645,4.479597244,10.06918409,0.651298357,59.96292047,-0.011017087,0.306872511,0.595654478,0.051404346,1887,1
0.08147199,0.413181961,4.556409361,9.360857594,0.693328676,59.09953964,0.047374965,0.290815255,0.651065316,0.053789731,2863,1
-0.04030597,0.39877831,4.652614512,9.471390625,0.685042562,59.10767671,-0.025104176,0.283440237,0.624239968,0.050668829,2467,1
0.001322291,0.405666261,4.412646675,8.721036765,0.733376793,61.80189534,0.007386417,0.303077583,0.654498044,0.052803129,1534,1
0.035874421,0.414130136,4.44184168,9.593685192,0.682552504,60.39011336,0.010906566,0.314043457,0.592891761,0.039579968,1238,1
0.04361305,0.438809296,4.592680986,10.0607101,0.649960223,55.2358587,0.01726059,0.293940616,0.60779634,0.051710422,2514,1
-0.023816447,0.474367084,4.449571523,8.619590508,0.723796968,72.95808546,-0.010790945,0.274730194,0.669083718,0.047462096,1517,1
-0.071232608,0.305080345,4.634232955,9.58076968,0.666903409,65.09113641,-0.026432677,0.168801314,0.611505682,0.041903409,1408,1
0.044237114,0.463072945,4.381040892,8.955790117,0.708798017,68.14902331,0.022413592,0.246284049,0.650557621,0.0377943,1614,1
-0.015404482,0.384838682,4.467384421,9.583759504,0.664344522,70.44827173,-0.000723304,0.227386364,0.618746042,0.036732109,1579,1
0.03534756,0.461174242,4.61416589,9.987393689,0.640726934,63.54358838,0.062133928,0.333553191,0.614631873,0.060577819,2146,1
0.109103634,0.455219514,4.735879077,10.69649949,0.606603023,55.80930497,0.069929389,0.281320285,0.564041368,0.042561655,2514,1
0.015582363,0.379893564,4.448620362,9.707047278,0.658420552,67.87629005,-0.003708791,0.25283548,0.645099905,0.039010466,2102,1
0.02811289,0.428080785,4.549662162,9.954113439,0.646621622,64.35498959,0.020867205,0.250538523,0.6,0.033108108,2960,1
0.081242725,0.416585926,4.653490596,10.55417018,0.609499522,61.51346885,0.054353483,0.26483377,0.572840293,0.040484539,3137,1
0.083935142,0.428229231,4.719496309,10.48822581,0.615284412,60.25314937,0.04972477,0.277110876,0.589231437,0.039513678,2303,1
-0.005043356,0.338715483,4.663728814,9.63142611,0.673898305,58.39794329,-0.009009662,0.258936396,0.619322034,0.04779661,2950,1
0.176393423,0.449608415,4.698465964,10.23820419,0.632310642,60.05888048,0.119945962,0.290348217,0.590604027,0.046979866,2086,1
0.062627745,0.443716025,4.408252853,8.293645759,0.749780509,70.87541702,0.050006986,0.2917519,0.707638279,0.057067603,1139,1
0.011603274,0.409298577,4.621788284,9.690961189,0.671634121,61.29741197,-0.00137783,0.282217599,0.611510791,0.046248715,1946,1
0.020680708,0.391365232,4.558704453,9.466896152,0.68488529,61.37479962,0.004808287,0.310224696,0.661268556,0.05465587,1482,1
0.046712342,0.431325234,4.120952381,8.36914532,0.757142857,77.86843901,0.063287933,0.349674712,0.717142857,0.056190476,1050,1
0.095487013,0.375063203,4.825978869,10.23781647,0.641392169,50.20060488,0.080203922,0.270251097,0.582970789,0.059664388,1609,1
0.029347563,0.355742619,4.849411105,11.21328153,0.567021873,47.12669939,0.026758841,0.333180449,0.537016265,0.041503085,3566,1
0.082711852,0.398804616,4.637990365,10.054632,0.644528562,58.22343811,0.046292648,0.311530245,0.597728837,0.054714384,2906,1
0.080672184,0.416560685,4.665150654,10.31840177,0.630471859,55.50810497,0.08739871,0.366867256,0.566230813,0.048322911,1759,1
0.098148148,0.447486772,4.853448276,10.97244847,0.61637931,49.66403089,0.085185185,0.45468254,0.560344828,0.064655172,232,1
0.024844147,0.481230391,4.47714848,9.135929549,0.711567899,64.09777825,0.014360526,0.345610071,0.65777389,0.05794883,4573,1
0.03662614,0.408704829,4.905923345,11.26737175,0.588850174,45.29674276,0.017262698,0.326024074,0.555749129,0.066202091,574,1
0.010607448,0.479624542,4.528,9.207759149,0.714,62.70831584,-0.016552685,0.418145897,0.673,0.056,1000,1
0.080077256,0.435986872,4.741071429,9.864292518,0.666988417,56.45027927,0.038184546,0.345431708,0.611003861,0.053330116,4144,1
0.1464545,0.493943903,4.482352941,9.082536601,0.708496732,65.76908827,0.085165945,0.292625461,0.648366013,0.05751634,765,1
0.026809017,0.417906933,4.76921126,9.850662396,0.667765661,52.75605011,0.009908301,0.308394869,0.607405529,0.053766168,3943,1
0.033394747,0.505595529,4.750877193,10.10767993,0.652631579,55.03613075,0.009455575,0.353442404,0.590643275,0.039766082,855,1
0.01575056,0.459886542,4.538327018,9.286336405,0.699213057,58.77959785,0.001306217,0.320407059,0.645584378,0.055960361,3431,1
0.101393715,0.511648114,4.677740864,9.655720075,0.675526024,57.46560615,0.080199833,0.394611196,0.634551495,0.068660022,903,1
0.02803638,0.385068227,4.646286812,9.76069752,0.651088348,65.18816371,0.007224397,0.226229269,0.578104994,0.045774648,3124,1
0.035337813,0.303772834,4.734777518,10.76410823,0.586651054,65.37154962,0.022300408,0.210237056,0.525175644,0.044496487,3416,1
0.044779923,0.413029194,4.622057001,9.690263136,0.654584882,65.66296572,0.024102468,0.289632247,0.581164808,0.043680297,3228,1
0.053412666,0.359040469,4.743149434,10.09926274,0.64157837,56.41256978,0.028242121,0.264936846,0.56923639,0.04749726,2737,1
0.040425373,0.415737524,4.580679034,9.934194139,0.647182359,61.68129907,0.04039044,0.313810638,0.576478824,0.046902345,2857,1
0.056223816,0.388188176,4.936115214,10.43172588,0.618537666,53.03645671,0.055476983,0.30725185,0.550590842,0.051329394,2708,1
0.057715404,0.404272928,4.759130435,10.17562349,0.627391304,58.28744008,0.026334151,0.256346002,0.56,0.046521739,2300,1
0.011512416,0.433561889,4.56089277,9.74537331,0.655992237,65.38734522,0.01736892,0.324522241,0.590490053,0.055312955,2061,1
-0.03963252,0.400432897,4.794222398,10.12146793,0.641867827,50.41108829,-0.037708842,0.304172905,0.565096953,0.034428176,2527,1
0.067765331,0.419844689,4.283838015,9.358702642,0.678219628,73.12414719,0.049085924,0.287382225,0.622035753,0.045968625,2741,1
0.120634094,0.366255855,4.747070313,10.82844898,0.593261719,55.49021439,0.103897908,0.320443122,0.522460938,0.049316406,2048,1
0.030886243,0.385120397,4.82525204,10.6684617,0.600096015,57.24251824,0.014590395,0.278405468,0.536245799,0.040806529,2083,1
0.082812856,0.368984511,4.878101872,10.91788162,0.59077057,49.97128685,0.072475056,0.319717196,0.523291249,0.054418807,2297,1
0.047645747,0.364183935,4.615722656,10.64150542,0.607421875,56.05088052,0.041944064,0.300008277,0.545410156,0.041015625,2048,1
0.037886521,0.374634374,4.610930987,10.40222135,0.622510421,59.53236842,0.010143361,0.327151046,0.552570635,0.047707272,2159,1
0.03842803,0.377921477,4.580696203,10.37162034,0.617088608,67.93528143,0.030725586,0.349321922,0.574367089,0.046677215,1264,1
0.122267732,0.330315902,5.110470701,11.26664512,0.577329491,37.6732272,0.078127661,0.246616815,0.5129683,0.063400576,1041,1
0.014644766,0.414102346,4.802750119,10.30623683,0.62778568,50.05122348,0.001945078,0.334147867,0.542437174,0.059269796,2109,1
0.017074109,0.372620639,4.760662177,10.20385592,0.633838384,57.15099376,0.014611506,0.269474211,0.592873176,0.050224467,3564,1
-0.003044667,0.385517883,4.774430566,11.34600968,0.559515062,56.92828223,0.008740969,0.300625723,0.529022777,0.03710507,2722,1
-0.026422298,0.349103824,4.712136409,10.71569576,0.599297894,59.41014615,-0.021249456,0.247053571,0.569709127,0.047392177,3988,1
0.003310573,0.38589389,4.238020177,9.313122153,0.682534678,75.67411955,0.008109923,0.23677769,0.649747793,0.047604035,3172,1
0.018140896,0.349074675,5.073170732,11.36766358,0.556428276,50.04899761,0.011061744,0.265122298,0.543199669,0.040512609,2419,1
0.030562281,0.366110102,4.827250608,10.67027606,0.611922141,53.86314804,0.033204465,0.284446302,0.574209246,0.057177616,1644,1
-0.017505964,0.366099978,4.769415808,10.1978868,0.625085911,59.54194859,-0.012534956,0.195055411,0.588316151,0.040549828,2910,1
0.019064748,0.31790853,4.834190966,11.29341667,0.562035449,57.05653846,0.012941964,0.270390625,0.537449971,0.043453402,1749,1
0.012036982,0.334860715,5.02581294,11.50916054,0.537043245,53.89169721,0.001809342,0.220241913,0.513576936,0.043580288,2983,1
0.031778713,0.324019328,5.012833502,11.67245086,0.547787909,45.55619944,0.034702727,0.244065388,0.503546099,0.043566363,2961,1
0.050215317,0.3449002,4.909472126,11.10695173,0.567834238,51.77200291,0.02850923,0.286114917,0.527627035,0.048593981,4054,1
0.056346086,0.401536507,4.782653588,10.50787644,0.633970057,47.68176942,0.048108389,0.324734317,0.565823438,0.041817243,1937,1
0.011095129,0.301294591,5.196666667,11.66778553,0.5575,35.80845382,-0.000303932,0.229400253,0.490833333,0.0475,1200,1
0.01418972,0.325326531,4.700187617,9.966146048,0.6630394,56.47103876,0.004552875,0.278010721,0.603752345,0.050281426,2665,1
0.064662887,0.321732248,5.093998554,11.49191921,0.568329718,36.49383041,0.053242562,0.3063132,0.521330441,0.04989154,1383,1
0.025801939,0.317577661,5.095537757,11.48359483,0.552059497,39.97920616,0.015862077,0.291299729,0.520022883,0.036613272,1748,1
0.005201636,0.357898725,4.628995948,10.27396688,0.625844214,61.83867718,0.007366926,0.236392134,0.574515984,0.039621792,2221,1
0.024299034,0.37479354,4.788337925,10.8302995,0.602387511,54.18735188,0.013030754,0.281072441,0.544077135,0.039485767,2178,1
0.083688437,0.472786248,4.646112601,9.975473744,0.645040214,63.28956742,0.034767545,0.255407816,0.598927614,0.047184987,1865,1
0.046582365,0.361276653,4.502784407,9.907845982,0.644391408,68.75603603,0.028663497,0.21968576,0.605807478,0.044152745,2514,1
-0.040866911,0.347698413,4.460616438,9.304363431,0.683219178,74.23992063,-0.031937273,0.183295085,0.608732877,0.034246575,1168,1
0.117119448,0.44424713,4.373424971,9.274396246,0.679266896,74.14081942,0.048895077,0.2199827,0.630011455,0.043528064,1746,1
0.092772651,0.381512858,4.553255551,9.892570737,0.647722996,64.33712115,0.065032035,0.245182144,0.590515619,0.039141889,2657,1
0.120390953,0.458686711,4.647852148,9.941283423,0.642357642,61.64942953,0.070591899,0.276062925,0.59040959,0.044955045,2002,1
0.05882553,0.459724088,4.803240741,10.78374135,0.59375,57.56477646,0.028610172,0.266033605,0.561342593,0.038194444,1728,1
0.060740107,0.395107632,4.504677755,9.858892249,0.647609148,68.27951613,0.028804698,0.274221185,0.611226611,0.051975052,1924,1
-0.048771614,0.384981168,4.571594878,9.677614588,0.655413271,71.38276482,-0.021797719,0.270617816,0.589057043,0.04540163,859,1
0.00444183,0.397674935,4.461331741,9.627677117,0.661988653,69.55768687,0.004919271,0.206727041,0.619886533,0.04031054,3349,1
-0.006130924,0.374027188,4.766924125,10.27577773,0.618809632,56.09743276,0.002467985,0.217205754,0.572921399,0.052248978,2201,1
0.053325317,0.346972102,4.577642121,10.13359376,0.636398321,60.84676271,0.039948965,0.239721395,0.586798932,0.046547119,2621,1
0.040079261,0.384807678,4.62332696,10.69371514,0.583938815,59.93926287,0.014923347,0.255780268,0.568260038,0.042829828,2615,1
0.048833928,0.472050689,4.618110236,10.02668253,0.633295838,65.29734201,0.01752393,0.252895242,0.582114736,0.059055118,1778,1
0.006248883,0.357174983,5.083367726,10.86219319,0.596368139,43.847371,-0.000426002,0.265216689,0.54766818,0.056128766,2423,1
-0.01665508,0.487541689,4.341485104,9.813825448,0.654068475,70.09470563,-0.000901984,0.353345767,0.61849711,0.060471321,2249,1
-0.001967682,0.426805172,4.700297999,10.28062616,0.623669647,58.71899694,0.000595576,0.298601556,0.579395487,0.065985526,2349,1
0.03563416,0.454902641,4.589126214,9.95975067,0.638058252,65.82567983,0.034585483,0.368748132,0.587184466,0.053203883,2575,1
-0.011618994,0.372717434,4.676396578,10.69244097,0.583291394,63.54536934,-0.010282496,0.255234383,0.54202315,0.040764972,1987,1
0.063847992,0.490439758,4.66,10.29854545,0.640909091,54.25300206,0.049525172,0.394705841,0.575454545,0.064545455,1100,1
0.00437858,0.362915235,4.383935743,10.18753614,0.648192771,61.24751963,0.006603905,0.294951775,0.596787149,0.046586345,1245,1
0.038402925,0.412672422,4.605851414,10.17563586,0.64957265,52.88162719,0.03067516,0.354771824,0.591058514,0.057199211,3042,1
-0.00484238,0.339401571,4.804224208,11.3986742,0.587327376,41.69579044,-0.019338624,0.292317295,0.55077173,0.047928513,1231,1
-0.016692435,0.399040146,4.765413534,10.59169804,0.638345865,39.1762648,-0.025869965,0.32554103,0.561654135,0.05112782,1330,1
0.003468377,0.32759936,5.051905921,11.63827763,0.567721006,36.1236163,0.011713996,0.297582672,0.511759935,0.053527981,1233,1
0.017178889,0.378303691,4.659863946,10.2007083,0.638605442,55.41854644,0.025050679,0.243023837,0.552721088,0.039115646,1176,1
0.091865842,0.450203443,4.411578947,10.03483939,0.64,68.15592797,0.069584082,0.355795669,0.596842105,0.054736842,950,1
0.063871295,0.375809912,4.911341853,11.35575184,0.576677316,45.35297792,0.044532095,0.332116462,0.520766773,0.068690096,1252,1
0.073210485,0.35726001,4.833603896,11.36144208,0.572443182,49.57752459,0.062211761,0.299457693,0.524553571,0.040584416,4928,1
0.087123497,0.348079058,4.684682377,11.40082492,0.563268443,59.78309104,0.073087343,0.282983037,0.520235656,0.04585041,3904,1
0.052055914,0.360257424,4.965296804,11.85723724,0.548858447,39.06886326,0.052999288,0.290898982,0.497716895,0.043378995,2190,1
0.051303785,0.287046766,4.582620145,11.27034517,0.561553654,62.8710256,0.012274278,0.184343086,0.527320606,0.042132982,1519,1
0.029500922,0.38181192,4.720364742,10.37131536,0.625863498,57.92824716,0.029678174,0.248048897,0.565625863,0.036750484,3619,1
-0.012232173,0.35121578,4.672876712,10.23958415,0.63369863,58.8168422,-0.006079192,0.200964185,0.583287671,0.039452055,3650,1
-0.032003968,0.458849206,5.224390244,11.62997787,0.541463415,45.78692216,-0.010569986,0.311029942,0.492682927,0.019512195,410,1
0.053779319,0.357231648,4.84310089,10.88400172,0.586053412,55.48899922,0.041172892,0.225897858,0.53264095,0.040801187,2696,1
0.079028286,0.372036326,4.855882353,11.82441145,0.534191176,53.9916198,0.057576879,0.251332724,0.5,0.035294118,2720,1
0.107401961,0.382303922,4.767754319,11.25271669,0.556621881,57.85142857,0.046930894,0.217906504,0.508637236,0.028790787,521,1
0.0465354,0.41980822,4.55941358,10.64587928,0.613425926,53.79860657,0.033213191,0.291369144,0.548611111,0.036265432,1296,1
-0.010902177,0.451663961,4.246983105,9.050406785,0.699115044,70.38737537,-0.000227892,0.240214682,0.643604183,0.063555913,1243,1
0.058160819,0.431168755,4.233925291,9.771804925,0.649724434,72.94811691,0.04462426,0.251325737,0.596448255,0.053888549,1633,1
0.004649953,0.455292427,4.406505649,9.757598376,0.657771718,64.76692155,-0.006981698,0.300825576,0.611219322,0.046162836,5134,1
-0.019219305,0.417314072,4.422253923,9.687805786,0.670470756,63.60095195,-0.043410369,0.324730099,0.601997147,0.044222539,1402,1
0.069394571,0.391828283,4.732984293,10.98670061,0.590750436,53.73821456,0.057688597,0.297750973,0.529668412,0.055846422,1146,1
0.06632788,0.420035197,4.558534102,11.07227953,0.560570071,61.89001318,0.062722416,0.297335061,0.563963353,0.048863251,2947,1
0.058340626,0.397442724,4.451635846,9.60682485,0.678757705,59.18016095,0.048013319,0.311604738,0.628259839,0.053579896,4218,1
0.075125491,0.455893355,4.271673109,8.834318985,0.724737714,69.40739152,0.054068207,0.328553204,0.677526229,0.043622308,3622,1
0.059819129,0.345640152,4.550553506,10.28514605,0.646494465,53.20503658,0.077051347,0.274872802,0.611070111,0.050184502,1355,1
0.020556805,0.331503995,4.671077505,11.62765126,0.546943919,50.14197776,0.023916491,0.306089083,0.502205419,0.041587902,1587,1
0.043360653,0.389410352,4.854,10.88926692,0.589,47.8155989,0.028680493,0.317706872,0.516,0.037,2000,1
0.008150449,0.384468601,5.007778318,11.87361244,0.538162372,38.0338133,-0.017700624,0.296268035,0.487117161,0.051045211,2057,1
0.028495731,0.313991294,4.735731415,11.20114974,0.585131894,47.25843922,-0.005191794,0.277257618,0.537170264,0.051798561,2085,1
-0.006988959,0.327766605,4.844075829,11.54383151,0.541706161,52.25050669,-0.019321864,0.246262379,0.509478673,0.035545024,2110,1
0.073524329,0.32170484,4.885960709,11.39263738,0.562529947,48.88965833,0.079801805,0.30169281,0.514135122,0.049832295,2087,1
0.028964627,0.331905088,4.886205295,11.62920994,0.556432884,41.41670446,0.017804147,0.291367259,0.523455643,0.047375755,2153,1
-0.077777778,0.348888889,4.957446809,11.58065887,0.546099291,60.52039683,-0.154444444,0.383809524,0.468085106,0.021276596,141,0
0.073076923,0.438461538,4.523148148,10.53144074,0.648148148,56.11125,0.065,0.286666667,0.592592593,0.046296296,216,0
0.134759491,0.415860181,4.696258254,11.05620533,0.581071167,59.15882079,0.083543429,0.259563332,0.545854732,0.044020543,1363,0
0.080157819,0.378749435,4.915599096,11.93820863,0.542577242,44.05300546,0.071283981,0.275179055,0.509419744,0.039939714,1327,0
0.152971014,0.479189096,4.353182752,9.994734739,0.636550308,73.35084543,0.14053288,0.419122665,0.605749487,0.012320329,487,0
0.003676471,0.419607843,5.059479554,11.80465504,0.539033457,43.94583398,0.022708333,0.4525,0.460966543,0.022304833,269,0
-0.024227472,0.380796835,5.253071253,11.52792512,0.571253071,32.16771292,-0.016328824,0.312351648,0.518427518,0.035626536,814,0
0.342424242,0.396212121,4.756302521,10.8075356,0.579831933,47.89485646,0.269047619,0.336904762,0.478991597,0.033613445,119,0
0.015022676,0.345464853,4.871212121,10.56501154,0.625,56.93662905,0.016369048,0.429662698,0.53030303,0.034090909,264,0
-0.029761905,0.353571429,4.552083333,10.18687083,0.635416667,51.06061355,-0.056018519,0.204166667,0.635416667,0.010416667,96,0
0.08015873,0.362301587,5.097222222,11.76638333,0.541666667,41.78699844,0.028589744,0.241367521,0.475694444,0.041666667,288,0
0.053117914,0.347071051,4.703281027,10.2541913,0.65192582,51.70800067,0.016695326,0.246286988,0.601997147,0.039942939,701,0
0.037132058,0.376645639,4.823866597,11.64448427,0.534132361,53.81884617,0.025249788,0.311993325,0.513288171,0.02970297,1919,0
0.016111111,0.553055556,5.397394137,12.97707016,0.504885993,17.89202685,0.019907407,0.463888889,0.446254072,0.022801303,307,0
-0.030769231,0.176923077,5.050724638,10.80456957,0.594202899,52.1107971,0.004166667,0.193333333,0.485507246,0.036231884,138,0
0.067742177,0.384486405,5.268689859,11.89243383,0.55292376,31.46605422,0.098149714,0.360477004,0.506291636,0.025166543,1351,0
-0.001315565,0.474800414,4.773789649,10.4238365,0.610183639,60.56569332,-0.008746368,0.341226502,0.552587646,0.045075125,1198,0
0.094709189,0.430443548,4.850790514,10.72499079,0.597826087,55.47336213,0.074301948,0.30137987,0.566205534,0.053359684,1012,0
0.037,0.244666667,5.173601148,12.91779712,0.496413199,34.04206802,0.029666667,0.149388889,0.43615495,0.022955524,697,0
0.020357143,0.346904762,4.753709199,9.857998002,0.676557864,54.61502488,0.008556548,0.18139881,0.611275964,0.041543027,337,0
0.067384454,0.274789916,4.878846154,11.53828755,0.538461538,56.59815868,0.064880952,0.211904762,0.517307692,0.038461538,520,0
0.136772487,0.301058201,5.275362319,12.61440928,0.518115942,26.67388745,0.156481481,0.371296296,0.5,0.025362319,276,0
-0.055355719,0.361168546,4.667396061,10.05000942,0.643326039,55.78912556,-0.066665437,0.2848079,0.56892779,0.039387309,457,0
0.087814877,0.406447188,4.666666667,10.57784864,0.629445823,54.77773729,0.06714819,0.287465493,0.58891646,0.039702233,1209,0
0.003239606,0.390539492,5.073684211,11.86881938,0.532894737,44.29264912,-0.031194651,0.258748351,0.469736842,0.021052632,760,0
0.064418768,0.308541189,4.609596929,10.46613656,0.627639155,60.26319594,0.034272086,0.222429599,0.575815739,0.038387716,2605,0
0.091049383,0.240432099,4.708955224,11.3430393,0.582089552,53.19389535,0.19462963,0.310925926,0.514925373,0.029850746,134,0
0.117741812,0.405463728,4.479757085,10.33807373,0.637651822,69.42932593,0.09034832,0.358048521,0.58097166,0.048582996,494,0
0.151329533,0.439126313,4.863817097,11.96907284,0.536779324,43.57334975,0.108346055,0.375535477,0.47415507,0.036779324,1006,0
0.008928571,0.263095238,5.473007712,12.83808896,0.498714653,13.6136,0.027380952,0.225446429,0.439588689,0.01285347,389,0
0.092753357,0.437066711,5.258098224,11.6754671,0.565569488,29.33679045,0.080214037,0.377789362,0.521682341,0.044409613,3828,0
0.276521739,0.471304348,4.785714286,12.93816484,0.478571429,40.40187681,0.24,0.384679487,0.482142857,0.014285714,280,0
0.071395822,0.374753494,4.986435921,11.13689216,0.58746492,37.78112199,0.062289605,0.324264194,0.54232928,0.045135641,4276,0
0.01993007,0.425503663,4.769230769,10.45439613,0.642679901,44.83100904,0.037454906,0.405822751,0.575682382,0.032258065,403,0
0.027824463,0.30865235,4.628762542,11.93293619,0.526755853,64.57625,0.010629252,0.254934807,0.47993311,0.02173913,598,0
0.090966184,0.311570048,4.3328,10.71829752,0.6192,60.00108247,0.078844189,0.288588761,0.5696,0.0464,625,0
0.115380359,0.429263748,4.583135392,9.995078456,0.643705463,60.7984971,0.069975729,0.25236205,0.597387173,0.039786223,1684,0
0.047239583,0.2915625,4.747404844,10.73179458,0.626297578,47.89447995,0.030645833,0.1565,0.581314879,0.031141869,289,0
0.1018613,0.3675548,4.261333333,9.289287368,0.704,68.24734586,0.068371776,0.248561508,0.656,0.066666667,375,0
0.12362136,0.373128198,4.8225,10.57964282,0.61375,53.81989362,0.079411403,0.249305146,0.54125,0.0375,800,0
0.050440393,0.397688978,5.099596231,12.26338883,0.528936743,41.53133366,0.037205954,0.320554237,0.476446837,0.0269179,743,0
0.114759349,0.428264082,4.754708098,9.937518468,0.653483992,52.04592563,0.089267178,0.303761996,0.594161959,0.060734463,2124,0
0.055241935,0.346774194,5.038,12.04927238,0.542,38.26656863,-0.025291667,0.294138889,0.488,0.024,500,0
0.068421053,0.142857143,5.020876827,12.29826443,0.519832985,29.0367715,0.0425,0.096964286,0.463465553,0.033402923,479,0
0.026247516,0.365952343,4.777894369,11.64646256,0.573627142,45.03114414,0.017453605,0.283369979,0.538300105,0.047918853,2859,0
0.054112554,0.362361712,4.592137592,10.71237487,0.619164619,59.15495003,0.008469742,0.345564649,0.56019656,0.022113022,407,0
0.196547355,0.323044029,4.832310838,11.66576306,0.558282209,43.81501159,0.219850289,0.301422258,0.482617587,0.026584867,489,0
-0.092156863,0.306862745,5.04040404,11.78744701,0.555555556,40.31781377,-0.114409722,0.250173611,0.498316498,0.043771044,297,0
0.125,0.409047619,4.742358079,11.46480543,0.6069869,37.346,0.096428571,0.264115646,0.502183406,0.021834061,229,0
-0.01591673,0.434865801,4.923747277,11.79677036,0.549745824,46.32372581,-0.016041706,0.333534922,0.499636892,0.031227306,1377,0
0.022913237,0.427243766,4.952490421,11.48026162,0.577777778,41.90953818,0.048011896,0.28780895,0.501915709,0.034482759,1305,0
0.207827691,0.353108958,4.644937587,11.66244614,0.575589459,51.24472767,0.160403139,0.301222858,0.552011096,0.018030513,721,0
-0.1,0.4,4.973684211,13.4163,0.5,21.44714286,-0.1,0.4,0.421052632,0,38,0
0.106666667,0.373333333,4.897435897,11.48330635,0.555555556,44.05571429,0.102222222,0.257777778,0.521367521,0.025641026,117,0
0.009632035,0.434145022,5.248927039,12.0094976,0.542918455,30.0906896,0.020767196,0.296891534,0.47639485,0.042918455,466,0
0.070173338,0.362366049,4.883855981,11.61950179,0.587688734,35.69652963,0.072951457,0.333090729,0.533101045,0.033681765,861,0
0.049787879,0.392181818,5.042253521,12.15206013,0.546478873,38.05299797,0.077561983,0.373312672,0.501408451,0.01971831,355,0
0.015617415,0.502272727,5.12553495,11.84104385,0.596291013,24.15735773,-0.009323593,0.386847944,0.540656205,0.047075606,701,0
0.066867355,0.385654976,4.931034483,11.0774484,0.613103448,40.75293789,0.072770976,0.369267466,0.534482759,0.049655172,1450,0
-0.022727273,0.384138258,5.574626866,12.50727254,0.52238806,20.17735338,-0.059795455,0.389598485,0.447761194,0.014925373,134,0
0.050069444,0.296805556,5.179226069,11.90363256,0.562118126,33.20092573,0.043009259,0.26617284,0.515274949,0.030549898,491,0
-0.059288538,0.31541502,5.428571429,13.9154619,0.480952381,7.26146798,-0.058959596,0.322782828,0.419047619,0.00952381,210,0
0.027919485,0.346026673,4.670696603,11.01403766,0.583765112,55.72006223,0.013012205,0.279655978,0.557282671,0.039147956,1737,0
-0.028560606,0.545075758,5.019607843,12.69814392,0.490196078,48.30163636,-0.002007576,0.58344697,0.421568627,0.019607843,102,0
0.045281765,0.420146958,4.609649123,10.85796433,0.602339181,55.49967862,0.017069602,0.363966858,0.567251462,0.052631579,684,0
-0.036111111,0.452777778,5.630331754,14.37811222,0.393364929,23.42318182,0.051,0.419,0.336492891,0.004739336,211,0
-0.071604938,0.250617284,4.624528302,11.6927478,0.545283019,56.73653353,-0.055239899,0.166603535,0.477358491,0.022641509,530,0
0.087809524,0.399853845,4.797971919,11.79426114,0.574882995,43.89781318,0.072477048,0.343301587,0.536661466,0.03276131,1282,0
-0.040724638,0.350688406,4.997701149,12.78252705,0.501149425,33.59558824,-0.048923611,0.342824074,0.457471264,0.018390805,435,0
0.20170068,0.484499514,4.893421053,11.6810692,0.578947368,27.74510433,0.155288462,0.405283883,0.526315789,0.034210526,760,0
0.142620031,0.384255324,4.905866303,11.55132302,0.565484311,42.38862345,0.125157777,0.3082312,0.523874488,0.047066849,1466,0
0.079404762,0.245238095,5.063432836,12.20830185,0.537313433,25.59205882,0.076736111,0.243287037,0.47761194,0.014925373,536,0
0.023084416,0.384319084,4.952117864,12.4796036,0.521178637,33.8706246,0.032190957,0.380149311,0.486187845,0.040515654,543,0
-0.005898268,0.436926407,4.803867403,11.8781746,0.546961326,44.31559924,-0.001306165,0.286618339,0.517955801,0.040055249,724,0
0.083373293,0.420224775,4.807610994,11.46805379,0.557082452,48.6280154,0.063962423,0.300807284,0.527484144,0.05602537,946,0
0.07296748,0.405081301,4.527607362,10.98556717,0.610429448,56.30200808,0.051153846,0.262735043,0.539877301,0.035276074,652,0
0.118973487,0.399590092,4.541106129,10.97725857,0.592675635,49.44264219,0.068059781,0.278827528,0.561285501,0.040358744,1338,0
0.08314549,0.395885041,4.480258435,9.366460497,0.663316583,69.30530821,0.060145326,0.222045024,0.645369706,0.053122757,1393,0
0.086156463,0.438146259,4.897435897,11.57912464,0.593240093,38.56119359,0.095415249,0.453818027,0.540792541,0.03962704,858,0
0.03132297,0.466537124,4.89769821,11.54683555,0.552429668,46.57807835,0.024072106,0.363133172,0.508951407,0.049872123,782,0
0.073678862,0.265853659,5.193158954,11.99052763,0.54527163,23.93814035,0.075365497,0.229605263,0.488933602,0.022132797,497,0
-0.3125,0.5625,4.131578947,8.83555614,0.710526316,77.155,-0.15625,0.28125,0.631578947,0.026315789,38,0
0.062784293,0.347272566,5.057471264,12.34867739,0.504789272,36.25806526,0.060462963,0.246604497,0.472222222,0.030651341,1044,0
0.204545455,0.302272727,4.880239521,11.81715198,0.586826347,37.24415951,0.1796875,0.303125,0.54491018,0.02994012,167,0
0.064230711,0.432959286,4.713610197,10.02360312,0.653371711,52.69340299,0.040111199,0.318754298,0.598067434,0.045435855,4864,0
-0.004810256,0.339388278,5.210268949,11.86037654,0.530562347,41.54803426,-0.04387632,0.199967679,0.491442543,0.046454768,409,0
0.046417341,0.37344832,4.478092521,10.91382587,0.602812309,51.36865881,0.036546865,0.281064519,0.56694518,0.042184634,4907,0
0.206645022,0.446673882,4.70014556,10.30015897,0.643377001,50.70908357,0.159332211,0.320582679,0.590975255,0.040756914,687,0
0.028962351,0.315817264,4.922594142,11.83603069,0.569037657,28.81535294,0.041614759,0.252591891,0.527196653,0.029288703,478,0
-0.000185185,0.373796296,5.219512195,12.43851382,0.491289199,35.31565489,0.022583333,0.232736111,0.454703833,0.027874564,574,0
0.122024831,0.314955485,4.384303112,10.68420351,0.608930988,60.68241416,0.136115337,0.269494434,0.561569689,0.052774019,739,0
0.100631036,0.381154887,4.849177984,11.31255826,0.577555397,46.16588109,0.067875514,0.2718284,0.511794139,0.051465332,1399,0
0.08333037,0.410158022,4.699407282,10.89141356,0.614733277,49.29773684,0.078692656,0.376280329,0.555461473,0.041490262,1181,0
0.067676768,0.279292929,5.481481481,12.01804519,0.537037037,22.76571429,0.053409091,0.228030303,0.462962963,0.046296296,108,0
0.13675,0.474083333,4.825,10.6287,0.62,55.00092132,0.111944444,0.414290123,0.525,0.03,200,0
-0.018855311,0.421520147,4.567123288,9.920031202,0.665753425,52.30916667,-0.035962206,0.458191774,0.594520548,0.054794521,365,0
0.034920635,0.301984127,4.403846154,10.02083996,0.668269231,55.35584884,0.018055556,0.245486111,0.596153846,0.086538462,208,0
-0.015179063,0.277231405,5.152727273,12.4557,0.52,28.97727273,-0.009902051,0.250567799,0.483636364,0.04,275,0
0.081574675,0.339042208,4.747712418,11.80293137,0.521568627,57.44899394,0.059438776,0.235310374,0.481045752,0.019607843,765,0
-0.056111111,0.41,4.82038835,11.17355126,0.587378641,34.81716497,-0.097569444,0.346527778,0.470873786,0.029126214,206,0
0.057480564,0.321681244,5.016491754,11.81964535,0.547226387,37.81912716,0.058850192,0.289841393,0.493253373,0.025487256,667,0
0.108720539,0.457895623,4.57,10.66151111,0.59,61.9255719,0.072092352,0.319963925,0.585,0.035,200,0
0.118685606,0.507924242,4.955898567,11.05021372,0.583241455,51.34840048,0.079704598,0.438376824,0.521499449,0.045203969,907,0
0.082813159,0.420798646,4.726388889,10.73160675,0.615277778,45.57382723,0.067909011,0.355554997,0.547222222,0.043055556,720,0
0.0625,0.183333333,6.236842105,12.41822632,0.473684211,14.63460526,0.0234375,0.0765625,0.447368421,0.026315789,38,0
0.035806392,0.360852445,4.810237203,11.33945711,0.560549313,49.24785848,0.021984534,0.284440895,0.498127341,0.04619226,801,0
0.073514753,0.30199362,4.923250564,11.7402053,0.553047404,39.39117973,0.085245028,0.305374053,0.532731377,0.020316027,443,0
0.075407648,0.394577922,4.833333333,11.45849038,0.548780488,54.81003448,0.059087151,0.388113276,0.481707317,0.038617886,492,0
0.130232145,0.406476612,4.782493369,11.31551008,0.604774536,42.51336143,0.13531913,0.387458434,0.527851459,0.047745358,377,0
0.056761364,0.364412879,4.853968254,11.10421917,0.603174603,41.45027328,0.060550699,0.250649767,0.546031746,0.031746032,315,0
-0.01,0.485,3.805555556,11.31608889,0.527777778,122.3675,-0.006666667,0.323333333,0.444444444,0.027777778,36,0
0.069967496,0.393348352,4.657608696,11.38555338,0.569293478,48.29050763,0.091445465,0.334656341,0.52513587,0.045516304,1472,0
0.049335637,0.267090376,4.688264939,11.65766703,0.531317495,60.71588241,0.038391884,0.237383123,0.520518359,0.035277178,1389,0
0.08679,0.345298101,4.647684606,11.21483758,0.58698373,47.24725541,0.067095382,0.277696609,0.536295369,0.035669587,1598,0
0.112121212,0.366792929,4.806722689,12.26711543,0.487394958,44.11954545,0.059090909,0.19436553,0.453781513,0.033613445,119,0
-0.041287879,0.466287879,4.755186722,10.97683757,0.593360996,54.56692308,-0.041458333,0.449097222,0.493775934,0.024896266,241,0
4.95E-05,0.308770443,4.921108742,10.22818998,0.630063966,46.44401276,-0.016245522,0.253582593,0.562899787,0.041577825,938,0
0.080701754,0.461403509,4.596078431,10.04965152,0.666666667,52.89844984,0.088888889,0.378535354,0.603921569,0.035294118,255,0
0.082446918,0.374954939,4.644526445,9.427929366,0.676506765,57.61043091,0.030584482,0.282827522,0.618696187,0.035670357,813,0
0.055693559,0.384463859,4.767727273,11.21268687,0.568181818,44.88001855,0.047838407,0.258479704,0.525,0.031363636,2200,0
0.048880613,0.43852103,4.521829522,10.86084558,0.602910603,54.08609845,0.030305025,0.351854198,0.573804574,0.038461538,962,0
0.234870554,0.486062251,4.652728561,10.99679097,0.611622962,44.94567665,0.256325605,0.474741954,0.570517364,0.035435861,1411,0
0.083586808,0.254217931,5.070257611,11.46932831,0.578454333,37.7825,0.102266361,0.229461633,0.529274005,0.030444965,427,0
0.024140212,0.398214286,4.921568627,10.92848295,0.607843137,44.36469971,0.01702381,0.304684628,0.523529412,0.049019608,510,0
0.055134178,0.368272813,4.867339582,10.62543272,0.63518385,44.81236842,0.031498863,0.341215043,0.585436193,0.056236482,1387,0
0,0,4.833333333,12.4243,0.5,47.565,0,0,0.388888889,0,18,0
0.010163482,0.343733028,4.887625418,10.48243467,0.630769231,44.22350986,0.000792168,0.211481755,0.583946488,0.051505017,1495,0
0.126905964,0.500529101,4.913851351,12.87640302,0.503378378,28.60807503,0.05105472,0.422613826,0.466216216,0.043918919,592,0
-0.002651515,0.253787879,5.194871795,11.73817722,0.558974359,27.32170449,0.00218254,0.222222222,0.5,0.020512821,390,0
0.072085722,0.277422877,4.790584416,11.20202715,0.592532468,46.40438394,0.050219503,0.167658314,0.548701299,0.032467532,616,0
0.03484127,0.251349206,5.080555556,11.72908081,0.538888889,44.09754662,0.030002834,0.210898526,0.502777778,0.022222222,360,0
0.045137694,0.451878944,4.703849951,10.5507999,0.629812438,46.14757156,0.067973104,0.406535714,0.589338598,0.049358342,1013,0
0.118674527,0.307726703,5.193089431,12.18669304,0.520325203,25.753,0.108250876,0.243675917,0.457317073,0.026422764,492,0
0.057936177,0.392239336,4.56225426,10.03490172,0.639580603,58.46140225,0.037260983,0.255824857,0.595019659,0.041284404,1526,0
0.071468115,0.39299326,5.048204159,11.59324657,0.569943289,34.40540063,0.071136106,0.361750673,0.537807183,0.040642722,1058,0
0.025889711,0.395454545,5.136538462,11.43931109,0.601923077,27.19092355,0.013154987,0.382820391,0.559615385,0.053846154,520,0
0.034636364,0.279454545,5.780346821,12.44848024,0.49132948,18.46510695,0.016493506,0.137835498,0.445086705,0.01734104,173,0
0.014909484,0.261869898,4.874087591,11.41445542,0.571167883,47.040402,0.023805465,0.178582182,0.523722628,0.038321168,548,0
0.014879626,0.417105827,4.585870889,9.756529919,0.665042631,60.3948799,0.02328343,0.339432651,0.62362972,0.037758831,821,0
-0.075,0.7,4.23880597,8.807151144,0.686567164,95.23954902,-0.025,0.333333333,0.671641791,0.059701493,67,0
-0.018703704,0.267592593,4.796610169,10.98988274,0.601694915,46.7174026,-0.012731481,0.218634259,0.538135593,0.012711864,236,0
0.059027778,0.413425926,4.880952381,10.86703775,0.604166667,45.64964132,0.115208333,0.325416667,0.526785714,0.038690476,336,0
0.039030612,0.481887755,4.536656891,10.77818962,0.602639296,57.87974157,0.008792735,0.422297009,0.580645161,0.045454545,682,0
-0.032383041,0.420321637,4.872113677,11.91542613,0.534635879,41.34704909,-0.013858025,0.338703704,0.477797513,0.035523979,563,0
0.1375,0.30625,5.195979899,14.33921701,0.366834171,48.05504011,0.072222222,0.238888889,0.291457286,0.005025126,199,0
0.071965859,0.430776996,4.988593156,11.29172636,0.584030418,38.97474766,0.043501473,0.335132335,0.520152091,0.04486692,1315,0
0.052534562,0.331374808,5.060759494,11.72822574,0.539240506,36.63657414,0.002834467,0.234909297,0.486075949,0.025316456,395,0
0.006994048,0.457113095,4.767918089,10.4796457,0.61774744,54.81048246,-0.06917517,0.314409014,0.546075085,0.029010239,586,0
-0.069602273,0.428409091,4.778443114,10.79721484,0.604790419,56.78585231,-0.156676136,0.447017045,0.54491018,0.047904192,167,0
-0.016998106,0.366429924,4.995215311,11.61942933,0.543062201,44.02056442,0.005260943,0.249789562,0.461722488,0.023923445,418,0
0.045652174,0.451811594,4.922033898,11.89142429,0.538983051,44.19416726,-0.02,0.478914141,0.481355932,0.030508475,295,0
0.044526515,0.403958333,4.65112782,11.43370209,0.557142857,56.70689551,0.031134921,0.263934524,0.509022556,0.02556391,1330,0
0.151781076,0.363029411,4.988151659,12.92691333,0.5,26.86367343,0.131044372,0.302298905,0.443127962,0.023696682,422,0
0.03323489,0.377321429,4.255319149,9.688989586,0.676371781,66.87558767,0.028171551,0.27848138,0.636058231,0.047032475,893,0
0.022056385,0.31774461,4.930182599,12.03317169,0.55424275,38.69867647,0.023832465,0.275928819,0.49301826,0.038668099,931,0
0.0236938,0.399660327,4.87357331,11.18618435,0.599648815,47.91195652,0.016703002,0.311619208,0.561018437,0.049165935,1139,0
0.03022113,0.348484848,4.995901639,12.91398518,0.478142077,44.21130893,0.009672619,0.238700397,0.413934426,0.020491803,732,0
0.080835137,0.485246046,4.981900452,11.32925415,0.601809955,30.51433449,0.078672877,0.466234985,0.540271493,0.047058824,1105,0
-0.013822222,0.308488889,4.805045872,11.18485002,0.594036697,40.26350169,0.004987654,0.285012346,0.538990826,0.029816514,436,0
0.22504995,0.486338661,4.706896552,12.53160299,0.545977011,42.23457143,0.242595599,0.42892316,0.488505747,0.022988506,174,0
-0.018181818,0.384090909,5.421319797,12.95965262,0.512690355,15.90409052,0.097916667,0.320833333,0.472081218,0.020304569,197,0
0.068333333,0.371666667,5.064220183,11.79016989,0.54587156,42.43938811,0.026041667,0.163020833,0.5,0.018348624,218,0
0.192261905,0.443690476,5.482517483,12.36289021,0.503496503,24.73441176,0.135664683,0.294593254,0.440559441,0.020979021,143,0
-0.000532299,0.360791809,5.169477234,12.25890604,0.52698145,32.16773136,0.00684119,0.318304553,0.483979764,0.035413153,1186,0
0.131045918,0.418713152,5.709323583,12.75441721,0.49725777,13.91092086,0.169999008,0.431310516,0.442413163,0.053016453,547,0
0.072207419,0.368584117,5.104247104,11.35224569,0.579150579,41.62147956,0.053322511,0.291479798,0.54954955,0.055341055,777,0
0.032503608,0.318874459,4.949152542,11.03501751,0.593220339,40.82518797,0.02953074,0.224384351,0.518159806,0.024213075,413,0
0.033909091,0.367761785,4.578431373,10.54753235,0.669117647,46.03576931,0.042580939,0.218514867,0.615196078,0.085784314,408,0
0.152222222,0.448333333,4.992202729,12.24457096,0.506822612,48.62043257,0.061437908,0.209885621,0.452241715,0.023391813,513,0
0.006537999,0.302328729,4.834549878,12.26602572,0.51216545,49.74729971,0.001358626,0.259870464,0.49026764,0.02919708,822,0
0.020149912,0.311320547,4.613636364,10.52694976,0.636363636,44.37231946,0.02772597,0.288429233,0.584090909,0.040909091,440,0
0.065435606,0.312632576,5.149888143,13.71468166,0.478747204,21.85,0.035828189,0.228722075,0.447427293,0.024608501,447,0
0.096804408,0.466039945,4.946564885,12.49711343,0.491603053,44.95989171,0.049326156,0.332286018,0.413740458,0.015267176,655,0
0.033333333,0.8,5.882352941,13.07131765,0.455882353,27.29659091,0.011111111,0.266666667,0.426470588,0.044117647,68,0
0.10367163,0.45735371,4.756202805,10.57371319,0.629989213,48.02228341,0.131050347,0.416416667,0.59223301,0.037756203,927,0
0.06511708,0.37790404,5.091703057,12.15020026,0.532751092,32.44118919,0.040372475,0.343325617,0.484716157,0.041484716,458,0
0.069003744,0.333927109,5.115702479,13.19004931,0.49862259,29.49082111,0.070316017,0.296557359,0.462809917,0.019283747,363,0
0.023309374,0.463797544,4.935045317,10.34431533,0.629909366,42.64315789,0.026381953,0.279127914,0.592145015,0.058912387,662,0
-0.084188312,0.516277056,4.766891892,12.23508975,0.510135135,47.19050124,-0.021614219,0.298080808,0.439189189,0.013513514,296,0
0.158695652,0.560144928,4.971875,11.77474342,0.5375,41.47051084,0.147037037,0.506550926,0.459375,0.0375,320,0
-0.089302112,0.396408137,5.148418491,12.55776973,0.510948905,27.1159866,-0.027208308,0.326254301,0.433090024,0.0243309,411,0
0,0,4.103448276,9.256044828,0.689655172,78.34508621,0,0,0.655172414,0,29,0
0.111793894,0.403067067,5.249407302,11.72674252,0.54954955,36.09917734,0.08512865,0.306340759,0.495021337,0.034613561,2109,0
0.08478112,0.366637954,4.56449553,9.830421277,0.669220945,55.60388095,0.032636848,0.274171936,0.619412516,0.037037037,783,0
0.068881119,0.428001166,5.153846154,12.67152919,0.482248521,35.07027473,0.098208874,0.282809343,0.446745562,0.032544379,676,0
0.071722661,0.334305007,5.127272727,13.6880303,0.460606061,27.23978831,0.030727694,0.225837241,0.43030303,0.022222222,495,0
0.080918248,0.432581585,4.857585139,10.87671722,0.589783282,52.84135167,0.050096441,0.299154582,0.552631579,0.055727554,646,0
0.048376623,0.348875661,5.336538462,12.2982438,0.524038462,32.47268069,0.075951028,0.325618236,0.480769231,0.028846154,208,0
0.10003556,0.341184292,5.127041742,12.2937424,0.55353902,20.54415455,0.086296898,0.276576479,0.497277677,0.039927405,551,0
0.101993575,0.46648715,5.309477756,12.78297176,0.522243714,23.44221255,0.065873016,0.448647959,0.483558994,0.030947776,517,0
-0.021467452,0.392628467,4.883464567,12.02423078,0.563779528,34.35959912,-0.035333895,0.382135776,0.51023622,0.033070866,635,0
0.05625974,0.250285714,5.131016043,12.19850732,0.548128342,30.10350197,0.036246392,0.185565476,0.502673797,0.029411765,374,0
0.057119237,0.530768141,4.843558282,11.54020802,0.578220859,36.06722483,0.059034392,0.43526455,0.516871166,0.049079755,652,0
0.027213542,0.301041667,5.26272578,11.83617961,0.57635468,18.5254102,0.032291667,0.22875,0.500821018,0.016420361,609,0
0.045,0.409166667,4.259259259,10.87298296,0.592592593,61.16752632,0.003,0.204777778,0.604938272,0.049382716,81,0
0.086013258,0.36407197,4.718367347,12.39223061,0.52244898,50.18786207,0.071866582,0.351700337,0.47755102,0.034693878,490,0
0.06769697,0.508582492,4.953068592,11.167948,0.583032491,48.03040219,0.054636177,0.379407969,0.518050542,0.05234657,554,0
0.011182026,0.472680573,4.806603774,11.90435695,0.544339623,48.95227834,0.02956578,0.363965878,0.498113208,0.037735849,1060,0
0.171428571,0.628571429,4.824561404,11.5043386,0.561403509,50.41333333,0.02,0.393333333,0.526315789,0.052631579,57,0
0.032295174,0.331790123,5.415873016,13.1593254,0.479365079,20.43577186,0.032275884,0.287478956,0.457142857,0.041269841,315,0
-0.001658163,0.569897959,4.614718615,11.35335168,0.567099567,53.6840724,-0.011958874,0.432142857,0.54978355,0.038961039,231,0
-0.001658163,0.569897959,4.602564103,11.41212051,0.564102564,54.13684066,-0.011958874,0.432142857,0.547008547,0.038461538,234,0
0.066401702,0.344149624,5.03219697,11.36031807,0.570075758,47.49001679,0.041902443,0.189589775,0.498106061,0.028409091,528,0
0.056923783,0.386496786,4.949784792,11.98734779,0.546628407,31.51567527,0.036623176,0.287905443,0.516499283,0.034433286,697,0
-0.2875,0.666666667,4.637037037,9.771181481,0.696296296,41.60263636,-0.095833333,0.388888889,0.607407407,0.014814815,135,0
0.115244755,0.445028305,4.747346072,10.79983465,0.61358811,46.01363636,0.076409091,0.292768398,0.55626327,0.038216561,471,0
0.039584416,0.433233766,5.06512605,11.80852918,0.550420168,32.98290939,-0.017660019,0.318395047,0.527310924,0.056722689,476,0
0.106550802,0.323796791,4.557077626,10.68042927,0.616438356,59.17601201,0.113096591,0.215426136,0.570776256,0.02283105,219,0
0.016073327,0.481143199,4.826689775,11.12740625,0.592720971,43.91493895,-0.007586303,0.441104978,0.54592721,0.06932409,577,0
-0.05,0.409090909,4.710204082,10.57847279,0.624489796,58.32178596,0.033333333,0.24375,0.526530612,0.048979592,245,0
0.028897021,0.320711351,4.646835443,11.30275432,0.570886076,54.03772727,0.067707498,0.283773916,0.535443038,0.02278481,790,0
0.128713076,0.412581169,5.362790698,11.8861423,0.541860465,26.23838035,0.134493668,0.367926018,0.498837209,0.03372093,860,0
0.079309839,0.324793132,4.981132075,12.17431563,0.532656023,35.93759393,0.048908147,0.282112253,0.498548621,0.06095791,1378,0
0.177303523,0.388211382,4.98249453,11.0588404,0.595185996,48.1972783,0.180865575,0.34828869,0.56892779,0.024070022,457,0
0.014565826,0.276190476,4.787072243,12.62733387,0.505703422,33.51346041,0.018629149,0.196652237,0.475285171,0.034220532,263,0
0.016666667,0.25,4.473684211,10.67328596,0.614035088,51.32848485,-0.025,0.125,0.596491228,0.035087719,57,0
0.051714286,0.304,5.106951872,11.94178057,0.525846702,35.99688323,0.027318519,0.201125926,0.500891266,0.035650624,561,0
0.100485322,0.406652462,5.389945652,11.8450878,0.546195652,24.43301117,0.104097965,0.351512552,0.5,0.032608696,736,0
0.186991979,0.400316399,5.195928753,11.75122909,0.531806616,39.90561321,0.184340776,0.377402977,0.445292621,0.025445293,393,0
0.006758271,0.425419372,5.297084318,12.36242328,0.524034673,33.97293457,0.016061161,0.350215375,0.466509062,0.036249015,1269,0
0.040180653,0.443123543,4.528373266,10.22792588,0.64186633,60.3378355,0.022790404,0.362310606,0.605296343,0.05296343,793,0
0.1125,0.4625,4.71641791,12.36824925,0.552238806,37.46727273,0.1,0.480555556,0.47761194,0.059701493,67,0
0.200362319,0.494616977,4.552715655,11.89846882,0.575079872,52.97505263,0.188271605,0.431922399,0.562300319,0.025559105,313,0
0.095238095,0.178571429,4.533333333,10.3245,0.6,66.78714286,0.142857143,0.267857143,0.533333333,0,15,0
0.075554779,0.51339627,4.955681818,11.99590366,0.530681818,45.33332459,0.053368845,0.394866635,0.468181818,0.028409091,880,0
0.050023656,0.359790233,5.057627119,11.99974829,0.543502825,39.66588607,0.006767797,0.287575637,0.505084746,0.058757062,885,0
0.028796296,0.389537037,5.083538084,11.1779277,0.58968059,35.31824127,0.031510417,0.338628472,0.518427518,0.046683047,407,0
0.067439097,0.425014854,4.568270481,10.16366739,0.650195059,57.21962649,0.043441558,0.361233766,0.607282185,0.054616385,769,0
-0.064935065,0.288311688,5.253071253,13.42809969,0.447174447,44.0393005,-0.024015152,0.150852273,0.405405405,0.029484029,407,0
-0.037831439,0.409138258,5.124463519,11.75980741,0.534334764,44.48998836,-0.043543388,0.305676079,0.465665236,0.02360515,466,0
0.045503953,0.338455204,4.895850285,12.26669138,0.547599675,30.21761324,0.046648353,0.271274456,0.497152156,0.034174125,1229,0
-0.039285714,0.425,4.825581395,11.95528372,0.540697674,42.50571429,-0.036607143,0.159821429,0.51744186,0.029069767,172,0
0.020082071,0.311199495,4.598280098,11.46973101,0.574938575,51.44505814,0.047926353,0.261046644,0.527027027,0.022113022,814,0
0.052859678,0.325047775,4.777777778,11.86532796,0.536231884,52.70041027,0.039050614,0.224764622,0.458937198,0.032206119,621,0
0.043790584,0.3,5.250847458,13.00438055,0.450847458,48.09625,0.041686959,0.203645833,0.389830508,0.006779661,295,0
0.025,0.141666667,5.884615385,13.42840769,0.461538462,6.906538462,0.008333333,0.047222222,0.41025641,0,78,0
0.038045977,0.263965517,5.031331593,12.77239997,0.488250653,42.60840841,0.034880952,0.240892857,0.464751958,0.020887728,383,0
0.113365054,0.394011046,5.17565872,12.16477902,0.535759097,27.92193312,0.105418019,0.395341811,0.473023839,0.020075282,797,0
0.117833913,0.3877405,4.806521739,11.08752771,0.584782609,46.02872783,0.09351306,0.271253829,0.515217391,0.045652174,920,0
0.055712509,0.366933191,5.491764706,12.8399183,0.476470588,23.08076927,0.087970006,0.381436882,0.429411765,0.018823529,850,0
0.087183515,0.49026637,4.548142532,10.93963681,0.586808188,61.45968373,0.093507635,0.35145304,0.555724033,0.050796058,1319,0
0.091770833,0.335833333,4.88,12.86344667,0.468,56.79617514,0.123981481,0.350555556,0.444,0.028,250,0
0.061805556,0.294444444,4.989690722,11.92038247,0.551546392,36.07728944,0.020659722,0.243402778,0.546391753,0.015463918,194,0
0.004265463,0.313187065,4.806129722,11.34275602,0.583036351,42.12158095,0.035870425,0.278990288,0.524590164,0.023521026,1403,0
0.100546849,0.555234089,4.987138264,10.97137392,0.581993569,43.439,0.086414011,0.380358041,0.514469453,0.061093248,311,0
0.034285714,0.152142857,4.530864198,10.10511333,0.666666667,51.2225,0.027160494,0.155316358,0.551440329,0.016460905,243,0
0.120949883,0.396969697,4.815602837,11.28584184,0.570921986,46.18889142,0.110784091,0.308669192,0.478723404,0.014184397,282,0
0.153012854,0.395734409,5.401383126,11.67654395,0.568326418,25.37040676,0.128655292,0.363386029,0.525311203,0.036791148,7230,0
0.056088816,0.391183379,4.854140915,11.13745779,0.574783684,56.8425693,0.052823803,0.317214774,0.547589617,0.027194067,809,0
0.070833333,0.191666667,5.320512821,11.60648462,0.576923077,21.74427928,0.042592593,0.196296296,0.5,0,78,0
-0.016290323,0.239946237,4.67370892,12.63614409,0.483568075,64.43983883,-0.00129902,0.194926471,0.453051643,0.021126761,426,0
0.141666667,0.287643678,5.081005587,11.9451407,0.51396648,37.21756306,0.071555556,0.261277778,0.472067039,0.022346369,358,0
0.141156234,0.406850472,5.445095168,12.57424146,0.491947291,33.63279639,0.105046062,0.354224186,0.446559297,0.039531479,683,0
0.088144114,0.42282677,4.927308448,11.67550077,0.550098232,50.59640125,0.053607504,0.4089785,0.520628684,0.047151277,509,0
0.135521886,0.30976431,4.747572816,11.04573883,0.611650485,53.88743812,0.088787879,0.226848485,0.54368932,0.009708738,103,0
-0.007250446,0.359001783,4.794014085,12.34712394,0.559859155,37.5359375,-0.005629509,0.306669823,0.5,0.033450704,568,0
0.061287415,0.334528912,5.037106447,11.17048285,0.587331334,37.57942005,0.046482998,0.226727101,0.512743628,0.031484258,2668,0
0.081565349,0.41699319,4.664807931,10.30947739,0.638475836,55.20434875,0.053949197,0.288898242,0.579306072,0.047707559,3228,0
0.12098646,0.489222007,4.5625,10.81809912,0.630102041,50.0611336,0.045002367,0.310116793,0.571428571,0.045918367,784,0
0.173822055,0.496060986,4.445,9.761624359,0.648333333,65.40488064,0.072755266,0.258696963,0.618333333,0.041666667,600,0
0.014761905,0.526190476,5.123209169,12.47849903,0.524355301,33.05286611,-0.044553571,0.612837302,0.498567335,0.045845272,349,0
0.009740143,0.387132616,4.840776699,11.32453694,0.56763754,49.53080142,0.010533769,0.341598584,0.521682848,0.044660194,1545,0
0.114622815,0.444025573,4.316595745,9.67709661,0.68,59.70722804,0.103312264,0.410996496,0.616170213,0.06893617,1175,0
0.074166667,0.422083333,4.933908046,12.26530509,0.531609195,32.42277778,0.014242424,0.30030303,0.465517241,0.025862069,348,0
-0.06775104,0.511928105,4.701590271,10.54669872,0.618334892,52.55291732,-0.059485129,0.382484568,0.568755847,0.038353601,1069,0
0.024262821,0.403461538,5.05033557,11.60875307,0.567114094,38.0388992,0.055892857,0.426349206,0.479865772,0.030201342,298,0
0.060286935,0.272496947,5.598870056,12.54323356,0.491525424,21.6525814,0.072509921,0.231269841,0.457627119,0.04519774,177,0
0.056296069,0.431354081,4.989547038,11.24325838,0.559233449,47.36690305,0.014036797,0.330844156,0.510452962,0.040069686,574,0
0.221590909,0.494886364,5.316062176,13.67627084,0.450777202,32.30297297,0.209090909,0.406136364,0.383419689,0.005181347,193,0
-0.037232574,0.350810904,4.898916968,11.3621017,0.557761733,49.75279194,-0.00285083,0.289984668,0.5,0.018050542,554,0
0.088787879,0.330181818,4.870848708,12.09328842,0.509225092,44.18260098,0.032731158,0.248348873,0.464944649,0.044280443,271,0
0.08015873,0.411507937,5.083123426,12.15286634,0.534005038,29.55580214,0.057539683,0.281746032,0.455919395,0.0302267,397,0
0.046594888,0.450682773,5.15942029,11.56926549,0.566332219,25.02328775,0.028646313,0.407765617,0.501672241,0.024526198,897,0
0.023611111,0.487777778,5.331325301,11.59389614,0.548192771,22.65844118,0.104861111,0.401319444,0.427710843,0.030120482,166,0
0.211428571,0.36047619,5.40625,11.7672375,0.552083333,31.34616959,0.128571429,0.243474427,0.473958333,0.026041667,192,0
0.033333333,0.483333333,5.022222222,10.93542877,0.57037037,51.56346154,0.01,0.145,0.518518519,0.037037037,135,0
0.144444444,0.372222222,5.006756757,11.70227568,0.547297297,36.67842391,0.113888889,0.248611111,0.445945946,0.02027027,148,0
0.104912281,0.436315789,5.422924901,12.63432749,0.4743083,29.38916667,0.080243056,0.286746032,0.422924901,0.035573123,253,0
0.14697283,0.456041951,4.578700603,9.507145745,0.699263228,55.88803591,0.05473325,0.313591213,0.65438714,0.05961152,1493,0
-0.001909987,0.385144051,5.202513966,12.61781765,0.487430168,37.29662865,0.019415584,0.318560381,0.421787709,0.033519553,716,0
0.203371849,0.471428571,4.358565737,9.652032481,0.6812749,59.47143307,0.170249433,0.413814626,0.645418327,0.066401062,753,0
0.069333333,0.358666667,4.961325967,12.19511917,0.524861878,37.52114604,0.065128968,0.336607143,0.461325967,0.019337017,362,0
0.045175439,0.378508772,4.807692308,12.37611538,0.523076923,34.17947623,0.003156566,0.294570707,0.453846154,0.033333333,390,0
0.015779221,0.316152489,4.941094941,11.45998952,0.542619543,51.78855592,-0.012050565,0.257923465,0.508662509,0.047817048,1443,0
0.061598746,0.236275219,5.116161616,12.14782439,0.52020202,39.34375,0.044498557,0.228454185,0.477272727,0.015151515,396,0
-0.002430556,0.3296875,4.437299035,11.49096523,0.572347267,56.79,0.002546296,0.283159722,0.546623794,0.045016077,311,0
0.045662942,0.338405316,5.00754717,12.31488792,0.516981132,45.63784466,0.043623908,0.294435255,0.475471698,0.018867925,530,0
0.061282468,0.354301948,4.798540146,11.35089328,0.576642336,46.29153597,0.009930876,0.255034562,0.487591241,0.032116788,685,0
0.085521886,0.377609428,4.497826087,10.32111801,0.62826087,64.96491705,0.035011574,0.238773148,0.580434783,0.052173913,460,0
0.118025613,0.492159452,5.018320611,10.81160193,0.60610687,46.77440645,0.096996644,0.357498634,0.554198473,0.041221374,655,0
0.071724109,0.372551258,4.825982358,10.61082382,0.624699278,46.51737178,0.071807264,0.302052733,0.587008821,0.040096231,1247,0
-0.035454545,0.458181818,4.675,13.93440132,0.3875,64.31784578,-0.033958333,0.224236111,0.345833333,0.008333333,240,0
0.097712418,0.380882353,4.930313589,11.60869308,0.56445993,44.73873119,0.087142094,0.336698718,0.494773519,0.041811847,574,0
0.126865672,0.342661692,5.092687951,12.58542785,0.502574665,37.14904231,0.118990385,0.318424145,0.461380021,0.019567456,971,0
-0.006147225,0.505974802,4.777594728,10.46721337,0.636738056,47.87317822,-0.016245791,0.451386521,0.531301483,0.043657331,1214,0
0.050197628,0.28652519,5.237268519,11.99088148,0.546296296,33.427952,0.034622734,0.218689969,0.494212963,0.041666667,864,0
0.166179654,0.435281385,5.068100358,11.68924572,0.573476703,37.09718232,0.143592172,0.386395202,0.517921147,0.028673835,558,0
0.052642212,0.412296651,4.690721649,11.51703897,0.56185567,55.7416087,0.01617471,0.327626263,0.515463918,0.046391753,194,0
0.057439,0.408006444,5.505154639,12.43284855,0.515463918,25.22150943,0.05193491,0.385307411,0.463917526,0.035051546,485,0
0.032160895,0.328796898,4.940677966,11.74056071,0.543785311,43.94903469,0.016253157,0.174900568,0.498587571,0.043785311,708,0
0.099470735,0.363133043,5.08011583,11.70160566,0.584942085,34.20486579,0.131787023,0.368618035,0.52992278,0.035714286,1036,0
0.039957265,0.407051282,5.144981413,11.89988867,0.527881041,42.46929513,0.024652778,0.23275463,0.473977695,0.024163569,538,0
0.080124725,0.366419828,5.225352113,12.0283231,0.557746479,28.72005839,0.071752531,0.353469259,0.495774648,0.045070423,710,0
0.075308642,0.321296296,5.20083682,11.92712476,0.545327755,42.38301786,0.118566308,0.284516129,0.461645746,0.030683403,717,0
0.026152074,0.233678955,5.458823529,11.94657143,0.55,25.17898649,0.050935374,0.265518707,0.5,0.041176471,340,0
0.048282007,0.44013139,4.715388574,11.01212198,0.593926917,54.868,0.050331083,0.328507579,0.528049408,0.048378796,1943,0
0.033972427,0.377007116,4.866004963,11.57544888,0.545905707,49.85012146,0.014257683,0.25399726,0.466501241,0.032258065,806,0
0.054545455,0.581818182,4.928571429,10.95916286,0.571428571,40.31363636,0.036363636,0.254545455,0.553571429,0.053571429,56,0
-0.041025641,0.268589744,5.006097561,11.53819129,0.573170732,31.39402439,-0.02962963,0.360648148,0.469512195,0.036585366,164,0
0.010714286,0.351803752,4.757425743,11.47221969,0.574257426,45.53544444,0.010909091,0.376116522,0.53960396,0.024752475,202,0
-0.109661429,0.369818556,5.026190476,12.38095938,0.523809524,31.73174276,-0.101750842,0.286910774,0.478571429,0.038095238,420,0
0.055366162,0.252777778,4.678571429,11.30285159,0.553571429,58.4247619,0.065798611,0.217476852,0.491071429,0.022321429,224,0
0.060614854,0.483507777,5.123404255,11.83457234,0.536170213,28.84121269,0.039482378,0.312152225,0.495035461,0.041134752,705,0
0.026173701,0.438709957,5.193850267,11.66648033,0.54144385,40.0649009,0.03848635,0.339606402,0.512032086,0.030748663,748,0
-0.133896104,0.464751082,5.024154589,11.31848469,0.61352657,28.57384615,-0.127333777,0.356984682,0.54589372,0.026570048,414,0
0.023636364,0.390454545,4.587982833,10.69666383,0.605150215,58.5465,0.014015152,0.241856061,0.540772532,0.030042918,233,0
0,0.022222222,4.870967742,12.04562258,0.516129032,35.1,0,0.013333333,0.483870968,0.008064516,124,0
0.097356819,0.399240598,4.428404214,10.87240018,0.603199376,58.79658287,0.073808559,0.297595035,0.554038236,0.041357784,2563,0
0.113780025,0.499520649,4.675403226,11.22288153,0.580645161,49.2192633,0.120144558,0.469045572,0.564516129,0.052419355,992,0
0.137254141,0.50315735,4.358900145,10.65164508,0.628075253,54.33246023,0.055357143,0.373522817,0.577424023,0.046309696,691,0
0.142226058,0.420413904,4.5075,10.77301886,0.614166667,54.49548319,0.130094506,0.361008625,0.568333333,0.059166667,1200,0
0.123076923,0.429487179,5.224637681,10.34688841,0.623188406,48.12021087,0.153703704,0.401234568,0.608695652,0.028985507,138,0
0.103491262,0.401506013,5.359435173,12.16863693,0.518613607,30.13083986,0.093962737,0.322261193,0.471758665,0.035943517,1558,0
0.020816131,0.419095051,4.74010039,11.46532605,0.560513107,50.86407584,0.039457444,0.306461329,0.501952036,0.027886224,1793,0
-0.04515835,0.329192299,4.87601626,11.98601328,0.528455285,51.55479147,-0.062280367,0.249113686,0.457317073,0.022357724,492,0
0.042838542,0.355481771,4.766444233,11.11768591,0.571973308,56.02732649,0.045676101,0.222790881,0.494756911,0.035271687,1049,0
0.104935721,0.405808081,4.878787879,10.72305152,0.603030303,53.53540517,0.076151218,0.249183007,0.506060606,0.039393939,330,0
0.098563074,0.551687552,4.486818981,10.69403864,0.616871705,57.74352819,0.093658289,0.548526455,0.569420035,0.043936731,569,0
0.334423868,0.479465021,4.040100251,11.38235436,0.56641604,69.72437107,0.257384259,0.385497685,0.528822055,0.027568922,399,0
0.080492424,0.432659933,4.710280374,9.390846417,0.691588785,54.02220126,0.104668848,0.406955923,0.602803738,0.056074766,214,0
0.035,0.328333333,4.675257732,12.98691086,0.448453608,57.39329304,0.016666667,0.256349206,0.412371134,0.025773196,194,0
0.022820118,0.353268398,4.917213115,12.07442933,0.508196721,49.44103316,0.032577442,0.288351632,0.495081967,0.045901639,1220,0
0.017574909,0.310582718,4.8,11.31389186,0.557360406,49.85261071,0.040466399,0.295407648,0.531979695,0.037563452,985,0
0.152454004,0.373348665,4.6326062,12.05010529,0.508610792,52.7643043,0.119603407,0.291169064,0.50401837,0.039035591,871,0
0.024807692,0.247884615,5.0625,12.05840536,0.53125,40.26853147,0.005540293,0.262877747,0.510416667,0.041666667,288,0
0.036454545,0.212,5.003571429,12.23011688,0.535714286,27.42680461,0.032834022,0.189015152,0.478571429,0.035714286,280,0
0.003136572,0.415394044,5.067238913,11.3955407,0.56795422,38.50422737,-0.012455832,0.404588452,0.52360515,0.0472103,699,0
0.060443723,0.290986588,4.84202085,11.32018516,0.584603047,48.03739161,0.060284652,0.257856598,0.516439455,0.044907779,1247,0
0.027333132,0.222505789,5.020854022,11.8411369,0.549155909,41.62393702,0.012706569,0.176986872,0.498510427,0.030784508,1007,0
-0.008032452,0.240070922,4.906306306,11.31599075,0.605405405,34.96270966,-0.013234217,0.199506944,0.531531532,0.01981982,555,0
0.012428977,0.187784091,4.737089202,10.59797371,0.600938967,60.46865489,0.008441558,0.120698052,0.544600939,0.023474178,213,0
-0.044761905,0.448571429,5.215053763,12.30506774,0.548387097,21.63451613,0.015396825,0.348730159,0.494623656,0.010752688,186,0
-0.041666667,0.25,5.245810056,13.30289218,0.458100559,30.56831395,-0.03125,0.15625,0.418994413,0.044692737,179,0
0.03396088,0.310689707,4.826574633,11.51815453,0.548748921,49.36138745,0.038499908,0.255416337,0.516824849,0.0405522,1159,0
0.017613636,0.317613636,4.63876652,10.95321295,0.607929515,49.01471918,0.002916667,0.315416667,0.555066079,0.030837004,227,0
0.070833333,0.429166667,4.808988764,12.0470522,0.553370787,50.3713059,0.105902778,0.373263889,0.516853933,0.019662921,356,0
0.017736678,0.40643424,4.698499318,10.83735823,0.626193724,51.485,0.022403846,0.33043956,0.592087312,0.065484311,733,0
-0.093611111,0.249537037,4.616352201,9.750227224,0.660377358,56.67553079,-0.058201754,0.156359649,0.613207547,0.056603774,318,0
0.060010422,0.279111752,5.13136289,11.66288249,0.542692939,39.93242085,0.057366683,0.258567918,0.500821018,0.036945813,1218,0
-0.009259259,0.266666667,5.303030303,11.60012771,0.56969697,30.36231707,0.015079365,0.196428571,0.490909091,0.012121212,165,0
0.007828283,0.431565657,4.972222222,11.97761709,0.553418803,31.22783651,-0.000308642,0.40941358,0.485042735,0.014957265,468,0
0.090512821,0.42275641,4.517970402,10.91372578,0.579281184,52.29166131,0.052685185,0.310069444,0.543340381,0.042283298,473,0
0.071343537,0.385034014,4.830275229,11.0925896,0.584862385,46.85189771,0.052746032,0.351253968,0.536697248,0.05733945,436,0
0.036783285,0.340864917,5.104136947,11.91217381,0.540656205,36.30329182,0.010260771,0.289526644,0.482168331,0.022824536,701,0
0.187896465,0.490525253,5.135496183,12.27731232,0.507633588,38.31513333,0.133487374,0.348550505,0.461832061,0.017175573,524,0
0.233409091,0.580858586,5.347107438,12.44781885,0.523415978,35.72848592,0.143452381,0.382063492,0.50137741,0.035812672,363,0
0.172836735,0.528863946,5.294663573,12.34993931,0.496519722,30.48625,0.078833678,0.300952381,0.43387471,0.023201856,431,0
0.081699811,0.504711174,5.233870968,12.59689391,0.475806452,41.32691571,0.116425866,0.492897727,0.39516129,0.016129032,248,0
0.125,0.325,5.408,11.8357,0.52,31.49298361,0.0625,0.1125,0.464,0.016,125,0
0.024060847,0.418708113,4.776418242,10.72704833,0.61512792,44.3482781,0.018929774,0.318810726,0.557285873,0.034482759,899,0
0.153601796,0.393556891,5.495495495,12.68429583,0.48005148,32.03439054,0.138740244,0.336350163,0.42985843,0.018018018,777,0
0.035443452,0.429053571,5.555844156,12.45841558,0.516883117,17.38826243,0.025326672,0.415410289,0.433766234,0.023376623,385,0
-0.011111111,0.194444444,5.539473684,12.71241015,0.493421053,14.89442953,-0.008333333,0.135416667,0.427631579,0.019736842,152,0
0.125,0.375,4.65625,10.36916458,0.640625,54.44256831,0.083333333,0.25,0.546875,0.03125,64,0
0.007200375,0.41255618,5.332110092,12.44605205,0.516513761,26.92402647,-0.004297512,0.404373123,0.448623853,0.027522936,1090,0
0.116666667,0.183333333,5.380434783,12.50066957,0.510869565,31.7175,0.0875,0.1375,0.423913043,0,92,0
0.056868687,0.315858586,5.509615385,13.7823609,0.466346154,16.39558824,0.084361472,0.300054113,0.4375,0.028846154,208,0
0.094281305,0.44978836,5.401993355,12.57167076,0.50166113,25.71122881,0.080367063,0.371227869,0.448504983,0.031561462,602,0
0.092943182,0.45325,5.391428571,12.41814762,0.517142857,28.02217391,0.058433196,0.329583333,0.474285714,0.008571429,350,0
0.021487887,0.295218323,4.915373766,10.79629847,0.603667137,47.40590005,0.013889471,0.215230647,0.533145275,0.046544429,709,0
0.024545455,0.272777778,4.82183908,10.99953851,0.602011494,54.26066176,0.014680135,0.164537037,0.543103448,0.030172414,696,0
0.015122674,0.379018387,4.893460372,11.06585755,0.589432655,44.71342564,-0.002830588,0.267917765,0.536162841,0.040277176,2309,0
-0.011111111,0.234722222,4.904255319,10.78419277,0.606382979,54.48947253,-0.0265,0.164125,0.510638298,0.021276596,188,0
0.071428571,0.452380952,5.177339901,12.03278887,0.532019704,42.22605882,0.016666667,0.275,0.463054187,0.039408867,203,0
-0.106410256,0.420512821,4.964556962,11.66322751,0.556962025,43.58260816,-0.048444444,0.26662963,0.503797468,0.02278481,395,0
8.16E-19,0.382352941,5.261016949,12.38115913,0.549152542,27.10047893,-0.0115,0.269833333,0.501694915,0.030508475,295,0
0.069391116,0.408706239,4.577565632,9.964651658,0.643595863,62.57925433,0.039535233,0.295793389,0.559268099,0.046141607,1257,0
0.1275,0.4725,5.171974522,12.14531132,0.515923567,36.37767267,0.1046875,0.301909722,0.414012739,0.025477707,157,0
0.041364302,0.370059274,5.00131406,12.40557838,0.55847569,24.90745902,0.038638243,0.363744924,0.465177398,0.039421813,761,0
0.003251263,0.330050505,5.132183908,10.86281706,0.626436782,35.12363148,0.002051768,0.230681818,0.537356322,0.025862069,348,0
0.023759921,0.356299603,4.817934783,11.46222795,0.586956522,38.67837079,0.003700397,0.232668651,0.516304348,0.029891304,368,0
-0.013286876,0.393687573,4.821882952,11.13111369,0.590330789,42.50850877,0.008568948,0.347224702,0.534351145,0.027989822,393,0
0.081730769,0.3,5.21686747,12.51339414,0.489959839,48.6957037,0.069602273,0.247727273,0.43373494,0.02811245,249,0
0.147376543,0.438888889,4.893095768,12.2205477,0.496659243,50.968,0.079429825,0.276754386,0.429844098,0.028953229,449,0
0.086476567,0.43307924,5.156682028,13.78335982,0.419354839,51.31931818,0.03648895,0.251960868,0.375576037,0.01843318,434,0
0.099605263,0.372324561,4.571069182,10.78909691,0.603773585,49.63840789,0.07724537,0.300300926,0.578616352,0.035220126,795,0
-0.196666667,0.4475,5.170212766,12.44513191,0.515957447,41.05376003,-0.12047619,0.286309524,0.430851064,0.026595745,188,0
0.161309524,0.527083333,5.504201681,12.53467815,0.483193277,29.5671875,0.093257576,0.390606061,0.403361345,0.029411765,238,0
0.016340475,0.407093363,5.422477441,13.61363143,0.447087777,27.21560789,0.018352447,0.343523523,0.367104184,0.01271534,2438,0
-0.019254658,0.256780538,4.721040189,11.58090182,0.56501182,49.70811346,-0.005570818,0.172970085,0.523640662,0.04964539,846,0
0.062978416,0.373809524,5.313131313,12.27998836,0.52020202,31.0811413,0.052462937,0.412544965,0.457575758,0.029292929,990,0
0.115563801,0.413883735,5.067150635,12.44419919,0.520871143,34.00777735,0.0752024,0.296635528,0.4646098,0.025408348,551,0
0.150862795,0.544465488,5.005163511,11.51201209,0.571428571,35.64269401,0.119981061,0.424300295,0.485370052,0.04475043,581,0
0.144507576,0.567482517,5.812345679,13.28731834,0.449382716,13.83127678,0.087450284,0.384018308,0.397530864,0.014814815,405,0
0.106888889,0.479710438,4.923202614,11.89666712,0.560457516,40.90773913,0.124214962,0.432308081,0.485294118,0.029411765,612,0
0.082808442,0.332207792,4.88337469,12.17349231,0.538461538,39.22947215,0.085857426,0.284274376,0.478908189,0.014888337,403,0
0.062878788,0.449326599,5.192307692,12.67790979,0.496503497,37.08263736,-0.029818182,0.234954545,0.402097902,0.020979021,286,0
0.167156863,0.462254902,4.97492163,11.18940707,0.598746082,30.3425025,0.093194444,0.318194444,0.504702194,0.034482759,319,0
0.078846154,0.336538462,4.529680365,10.09110248,0.689497717,48.66493088,0.058928571,0.280357143,0.579908676,0.050228311,219,0
0.039430014,0.387518038,4.639097744,11.02822231,0.601503759,57.36791033,0.036581028,0.220125165,0.507518797,0.015037594,532,0
-0.108859649,0.525438596,4.831775701,10.82935909,0.619158879,45.44444642,-0.117046784,0.352704678,0.542056075,0.030373832,428,0
0.45,0.55,4.388888889,9.946625926,0.685185185,71.39410377,0.225,0.275,0.611111111,0.037037037,54,0
0.025255102,0.196088435,5.358353511,12.639754,0.510895884,27.60947917,0.021245421,0.186439255,0.467312349,0.016949153,413,0
0.079609097,0.299299929,4.856410256,12.24426697,0.526923077,48.89480111,0.053367256,0.253620712,0.478205128,0.035897436,780,0
0.014345146,0.317562917,4.859916782,11.38979202,0.579750347,47.47584012,0.005584596,0.285031987,0.52704577,0.037447989,721,0
-0.0375,0.251388889,4.620689655,11.36895977,0.586206897,61.6902381,-0.104285714,0.177619048,0.517241379,0.048275862,145,0
0.23591406,0.458966045,4.095191364,10.1128291,0.622178606,76.77590868,0.097458843,0.196904461,0.575073602,0.056918548,1019,0
-0.033671717,0.25416835,5.085020243,12.38041039,0.535762483,27.37788733,-0.019004721,0.248995938,0.496626181,0.039136302,741,0
0.119076479,0.467530063,4.476247031,9.971764352,0.649643705,61.09041571,0.055686258,0.302886021,0.625890736,0.064133017,842,0
0.059294872,0.283333333,4.623529412,11.06776835,0.592941176,49.9424812,0.09375,0.2203125,0.555294118,0.030588235,425,0
0.068333333,0.272714286,5.168421053,11.791626,0.564912281,30.53149351,0.04469697,0.239736652,0.533333333,0.028070175,285,0
0.05125,0.286388889,4.770685579,10.91789875,0.617021277,44.9321736,0.084049479,0.207161458,0.557919622,0.042553191,423,0
0.021260684,0.510790598,4.438388626,10.98122613,0.623222749,49.64953383,-0.072089947,0.456415344,0.575829384,0.042654028,422,0
0.031235431,0.431468531,4.97311828,11.88060538,0.575268817,44.37645161,0.071067821,0.403823954,0.478494624,0.043010753,186,0
0.089122807,0.288070175,4.926345609,11.96134777,0.558073654,34.5327495,0.086709402,0.217136752,0.515580737,0.039660057,353,0
0.03775222,0.271226796,5.0328125,11.40787689,0.56875,41.42230799,0.055314626,0.275809949,0.51875,0.025,640,0
0.533333333,0.6,3.636363636,1.024084848,0.96969697,90.56090909,0.2625,0.2875,0.878787879,0.060606061,33,0
0.085863757,0.290021164,4.447580645,10.30990576,0.648185484,62.5760928,0.027625661,0.180815233,0.587701613,0.039314516,992,0
0.21075178,0.505699759,4.200863931,9.601420309,0.666306695,69.44878607,0.15393509,0.3392029,0.640388769,0.071274298,926,0
0.006175595,0.234672619,5.371069182,12.09524025,0.52672956,31.34934178,0.005900538,0.199251792,0.448113208,0.02672956,636,0
0.217596887,0.482843744,4.458438287,10.35984881,0.622166247,63.547499,0.199663781,0.342440115,0.604534005,0.047858942,397,0
0.037849614,0.32653115,4.961270333,11.56197384,0.557707204,38.75463319,0.034871104,0.26572233,0.500387297,0.04182804,1291,0
0.050277076,0.307765152,5.040358744,11.06255526,0.596412556,45.3277027,0.025756313,0.285530303,0.549327354,0.047085202,446,0
0.123453445,0.373579384,5.033648791,11.72357259,0.557308097,37.90200416,0.086736512,0.292954746,0.519453207,0.024185068,951,0
0.236030417,0.383697881,4.860576923,11.576305,0.5625,48.214,0.272625812,0.448336039,0.514423077,0.028846154,208,0
-0.014322917,0.25859375,4.863861386,11.78219467,0.544554455,44.64833333,-0.046903935,0.255237269,0.495049505,0.051980198,404,0
0.20075188,0.528696742,4.844155844,11.5665486,0.548701299,55.73633305,0.168829365,0.442380952,0.496753247,0.025974026,308,0
0.061742424,0.396212121,4.918402778,12.74624333,0.501736111,33.15904917,0.015817901,0.225848765,0.439236111,0.034722222,576,0
0.131651173,0.441362953,5.047463175,11.50944198,0.561374795,40.52071714,0.085649834,0.315721565,0.522913257,0.057283142,1222,0
0.079446892,0.30253556,4.656675749,10.83108824,0.626702997,48.48359244,0.076198593,0.241419913,0.564032698,0.019073569,367,0
0.1125,0.379166667,4.970588235,11.12804706,0.632352941,32.98382353,0.13125,0.39375,0.558823529,0.058823529,68,0
0.020512821,0.283333333,4.679245283,12.07041321,0.528301887,61.20657895,0.01547619,0.19702381,0.509433962,0.018867925,159,0
0.046144068,0.355762712,5.475683891,12.50101455,0.521276596,26.60315385,0.03085119,0.34983664,0.448328267,0.02887538,658,0
0.132727273,0.302121212,4.919191919,13.23130727,0.454545455,56.71868782,0.154444444,0.326111111,0.358585859,0.01010101,198,0
0.088600852,0.305232008,4.942583732,11.84514689,0.562200957,40.87029209,0.075093119,0.233394886,0.535885167,0.014354067,418,0
-0.004793544,0.224928146,4.937062937,12.46140132,0.503496503,39.04914601,0.007854716,0.202564742,0.439160839,0.033566434,715,0
0.15474026,0.418038961,5.154471545,13.22256699,0.495934959,20.89113043,0.105094905,0.336287046,0.467479675,0.038617886,492,0
0.031297551,0.416981669,4.58250754,10.04414398,0.646273158,64.11887986,0.012359329,0.283910933,0.596725549,0.039207238,2321,0
0.023517628,0.403525641,4.8176,11.35555823,0.5568,55.95064908,0.038677662,0.257060185,0.5088,0.0432,625,0
0.010511168,0.353514336,5.323508267,12.31910158,0.534148095,25.49048783,-0.004486165,0.295376804,0.483105679,0.022286125,1391,0
0.066243544,0.423287953,4.570106762,9.733330915,0.670462633,60.74363414,0.04331844,0.325821316,0.612099644,0.040569395,1405,0
-0.056832298,0.485238095,4.821875,10.78749637,0.640625,39.88935337,-0.042736281,0.392046564,0.58828125,0.05078125,1280,0
0.082765152,0.403483894,4.441205053,10.49489615,0.609329446,60.90214473,0.023714397,0.291798942,0.57920311,0.04664723,1029,0
0.096857607,0.486166512,4.754010695,11.67763797,0.564171123,38.72824805,0.048159873,0.459903499,0.486631016,0.026737968,374,0
0.149319728,0.518197279,4.799126638,10.94371064,0.602620087,55.60163636,0.236734694,0.557823129,0.56768559,0.048034934,229,0
-0.207908163,0.448469388,4.994475138,11.4199498,0.582872928,40.72930644,-0.079880952,0.255238095,0.519337017,0.03038674,362,0
0.083333333,0.191666667,5.11971831,12.12462282,0.507042254,43.47833803,0.025,0.096875,0.422535211,0.007042254,142,0
-0.078787879,0.251515152,4.29787234,9.000975887,0.687943262,81.375,-0.007407407,0.253703704,0.617021277,0.042553191,141,0
0.08142507,0.477556022,5.4,12.79808542,0.466055046,27.72486741,0.061224297,0.374172078,0.429357798,0.018348624,545,0
0.052606108,0.378065908,5.002791736,10.95301987,0.590731435,45.2608726,0.042753035,0.321342395,0.530429927,0.044667783,1791,0
0.040844034,0.389553237,4.870265915,11.14577665,0.617244158,43.33717238,0.019892054,0.290367536,0.567284448,0.066075745,1241,0
0.184733894,0.420203081,4.87109375,11.14594968,0.583984375,47.05754056,0.155619048,0.275154762,0.5390625,0.0625,512,0
-0.085732323,0.432323232,4.802469136,11.03235961,0.589065256,57.77436876,-0.037748016,0.262003968,0.541446208,0.010582011,567,0
-0.047553763,0.24594086,4.804928131,11.09038876,0.565708419,54.72710275,-0.064412913,0.207258258,0.526694045,0.039014374,974,0
0.11013195,0.456734233,4.814306712,10.69167755,0.628613425,40.18079672,0.095588501,0.420825016,0.587947085,0.050955414,2041,0
0.036543158,0.354580718,4.608811749,10.9002333,0.598798398,55.20237606,0.051419394,0.316508687,0.548731642,0.041388518,1498,0
0.04672619,0.352678571,5.130522088,12.10018787,0.568273092,24.35316151,0.061031746,0.233095238,0.520080321,0.026104418,498,0
0.112531328,0.263596491,4.850931677,11.58934603,0.548654244,55.00717391,0.090456349,0.186666667,0.519668737,0.020703934,483,0
0.011354443,0.392939068,5.22847302,11.69702343,0.565097589,30.4140211,-0.002309069,0.309320402,0.506773823,0.041561424,4355,0
-0.13,0.285,4.896,11.61743333,0.56,48.2015847,-0.138888889,0.188888889,0.512,0.04,125,0
0.081733283,0.446755959,4.716683622,11.85828579,0.557477111,50.51274946,0.075731269,0.361665142,0.520854527,0.044760936,1966,0
0.094973586,0.394703084,4.376597837,10.88691501,0.589970501,62.56313876,0.060414262,0.317226832,0.558505408,0.054080629,1017,0
0.043905896,0.304024943,5.091666667,12.41487222,0.519444444,35.00557033,0.044430272,0.287145692,0.463888889,0.022222222,360,0
0.069444444,0.360130719,4.707852194,11.45664485,0.572748268,48.5790512,0.072633745,0.364146091,0.523094688,0.034642032,866,0
0.005939183,0.284170098,4.920600858,11.61562401,0.564377682,50.41151719,0.016950598,0.15945601,0.480686695,0.042918455,466,0
0.055483405,0.395833333,5.379220779,12.17777273,0.545454545,22.98714286,0.052311809,0.319824735,0.509090909,0.07012987,385,0
0.059227078,0.44018966,4.575789474,10.27660075,0.622105263,61.98007895,0.044601762,0.288429953,0.583157895,0.038947368,950,0
-0.00122449,0.283945578,5.017488076,12.34911501,0.497615262,43.90447115,-0.002580952,0.191546032,0.470588235,0.036565978,629,0
0.072356739,0.378026634,5.249712313,13.29902131,0.466052934,32.36634731,0.042910562,0.34347909,0.413118527,0.029919448,869,0
0.034929654,0.276662338,4.528104575,11.18611203,0.569934641,57.60732116,0.047402767,0.232275095,0.524183007,0.02875817,765,0
0.046212121,0.234511785,5.355555556,12.43238095,0.483333333,39.30889665,0.063762626,0.203619529,0.433333333,0.033333333,180,0
0.043350157,0.360295588,4.115805947,8.217809858,0.740740741,81.62466848,0.019266139,0.179431759,0.681794471,0.047470005,1917,0
0.04038961,0.462164502,5.020689655,11.18489241,0.594827586,36.98456661,0.063289286,0.415479365,0.543103448,0.043103448,580,0
0.117564817,0.391430924,5.252525253,12.10589394,0.521212121,37.24275626,0.083724563,0.310423403,0.474747475,0.044444444,990,0
0.116691122,0.382434343,5.007194245,10.5668969,0.631894484,37.01751966,0.105008804,0.322920489,0.576738609,0.040767386,834,0
0.154281451,0.376971009,4.645330535,11.54010569,0.564533054,54.8282827,0.163309103,0.373683502,0.543546695,0.031479538,953,0
0.165714286,0.43875,4.469117647,10.56784832,0.622058824,57.13819106,0.12703824,0.343169793,0.554411765,0.041176471,680,0
0.087802684,0.375449703,5.131073446,11.78268241,0.550282486,36.82617222,0.064736548,0.357464307,0.49039548,0.042937853,885,0
0.155735931,0.355284553,5.158415842,11.91202549,0.534653465,43.03996776,0.113745409,0.296009199,0.485148515,0.035643564,505,0
0.074074074,0.428703704,4.806004619,10.48196502,0.642032333,50.83837526,0.088006536,0.361486928,0.591224018,0.043879908,433,0
0.007505176,0.345807453,4.357142857,10.43001108,0.629032258,59.80814826,0.008163265,0.259183673,0.546082949,0.029953917,434,0
0.170310606,0.44125,4.375168691,9.947578003,0.645074224,68.71218983,0.102943534,0.284100452,0.632928475,0.051282051,741,0
0.140288757,0.289569609,5.247920133,13.19034421,0.467554077,27.31666723,0.091172947,0.18712445,0.442595674,0.026622296,601,0
-0.101736111,0.469791667,5.384428224,12.7730659,0.520681265,13.59523077,-0.064636752,0.423611111,0.489051095,0.02189781,411,0
-0.003333333,0.306666667,4.486631016,9.943400229,0.684491979,46.785,0.022685185,0.238425926,0.577540107,0.026737968,187,0
-0.024285714,0.11,5.20754717,13.0328195,0.446540881,52.6072807,-0.051904762,0.097142857,0.440251572,0.031446541,159,0
0.057070707,0.316717172,4.622119816,10.3584016,0.626728111,56.78057692,0.038131313,0.229210859,0.539170507,0.023041475,217,0
0.203030303,0.513383838,4.650704225,11.01265099,0.577464789,63.3016885,0.125135975,0.275582751,0.526760563,0.033802817,355,0
0.051779702,0.365740424,5.057279236,11.9953861,0.54176611,40.78542026,0.006231556,0.287945509,0.505966587,0.059665871,838,0
0.167562724,0.434280594,5.020881671,11.41475073,0.563805104,46.46107143,0.123449074,0.308058862,0.489559165,0.034802784,431,0
0.11491823,0.519723425,4.567233385,9.654566383,0.682380216,52.7546447,0.103447908,0.370935065,0.626738794,0.060278207,1294,0
0.033333333,0.125,4.217391304,7.866647826,0.804347826,78.7175,0.033333333,0.125,0.739130435,0.043478261,46,0
0.110699254,0.325661376,5.036281179,12.19937476,0.530612245,40.41058204,0.095462437,0.343843006,0.485260771,0.036281179,441,0
0.036489899,0.294570707,5.399260628,12.8825492,0.49168207,33.75551693,0.017924174,0.239977477,0.455637708,0.021256932,1082,0
0.009195402,0.352298851,5.158940397,11.40254419,0.572847682,35.73532942,0.001636905,0.309325397,0.51986755,0.060706402,906,0
0.012793025,0.364865638,5.013071895,11.9972451,0.537254902,38.78070712,-0.010328788,0.296376263,0.478431373,0.040522876,765,0
0.013824705,0.324567024,4.726216412,10.71839451,0.610748003,44.2888883,-0.003386067,0.230184566,0.557007988,0.042846768,1377,0
0.2753367,0.447727273,5.058577406,11.7602243,0.535564854,23.914,0.185195707,0.280397727,0.514644351,0.033472803,239,0
0.033333333,0.55,5.24137931,13.06742414,0.448275862,42.46598684,0.011111111,0.183333333,0.413793103,0.017241379,58,0
0.054960317,0.334444444,4.84,11.32382602,0.572727273,47.84794393,0.022930195,0.21329816,0.512727273,0.034545455,550,0
-0.03608631,0.418435847,4.838917526,10.49466935,0.635309278,49.51117647,-0.033559854,0.351243386,0.557989691,0.037371134,776,0
0.083928571,0.310714286,5.205655527,12.1184827,0.53470437,27.95317244,0.049038462,0.268269231,0.496143959,0.030848329,389,0
-0.050416667,0.276666667,5.112244898,10.2470415,0.632653061,45.22809524,-0.040208333,0.303333333,0.530612245,0.020408163,98,0
0.021811224,0.349453353,4.762359063,10.53763201,0.628794449,52.44134018,0.016445933,0.297833486,0.545533391,0.037294016,1153,0
0.028448963,0.357476077,5.13030303,12.63405128,0.483333333,31.63886003,0.030465909,0.300136364,0.468181818,0.01969697,660,0
0.28,0.43,4.815789474,9.261036842,0.763157895,30.23342105,0.28,0.43,0.684210526,0.052631579,38,0
0.112587611,0.424933004,4.975524476,12.54475714,0.5,38.74,0.082970533,0.324503148,0.465034965,0.045454545,286,0
0.029393939,0.532424242,5.140186916,11.41237925,0.574766355,30.44603659,0.039320988,0.449475309,0.509345794,0.070093458,214,0
0.035507293,0.458057701,5.121034078,11.02966992,0.589894242,35.40849741,0.047035765,0.371796907,0.533490012,0.039952996,851,0
0.015630631,0.376801802,5.044407895,11.91226508,0.549342105,34.75442308,0.009637681,0.353550725,0.524671053,0.034539474,608,0
0.044660717,0.407446124,4.782231853,11.27476322,0.570964247,46.54792583,0.045129775,0.30650262,0.531960997,0.037919827,923,0
0,0,4.555555556,11.90869259,0.518518519,56.97846154,0,0,0.518518519,0.074074074,27,0
0.04144867,0.407742733,4.242696629,9.546255056,0.660674157,74.45156235,0.031168831,0.281198275,0.604494382,0.031460674,445,0
0.056379828,0.377124652,5.01184669,11.23997862,0.577003484,41.3185277,0.040591123,0.28190448,0.521254355,0.034146341,1435,0
0.078808786,0.429137151,4.972809668,11.92284502,0.542296073,50.44174013,0.042090924,0.406842983,0.472809668,0.016616314,662,0
-0.029028926,0.322176309,5.051724138,11.62335123,0.573891626,32.96603872,-0.000284091,0.240893308,0.495073892,0.022167488,406,0
-0.00045904,0.353107345,5.005797101,12.36571757,0.506280193,37.68620044,0.015687135,0.314159357,0.468599034,0.021256039,1035,0
0.035416667,0.579166667,5.068181818,10.43071,0.625,42.33951724,-0.041388889,0.560555556,0.556818182,0.022727273,88,0
0,0,4.25,8.4742375,0.71875,75.1425,0,0,0.625,0,32,0
0.064759896,0.374114717,4.615384615,10.61104519,0.617866005,51.84476359,0.037795011,0.245070378,0.572580645,0.045905707,1612,0
0.001564603,0.314193703,4.927896996,12.00718253,0.525321888,42.04378213,0.002284839,0.275522645,0.488412017,0.02832618,1165,0
0.0141723,0.446146445,4.426865672,9.32207187,0.682587065,67.12568919,-0.019140296,0.287949642,0.663681592,0.050746269,1005,0
-0.100520833,0.585416667,4.535,10.32405,0.655,49.68647727,-0.044704861,0.524444444,0.565,0.02,200,0
0.063264497,0.353461945,5.029451138,11.54105143,0.551539491,42.28636015,0.055483798,0.315351017,0.511378849,0.036144578,747,0
0.020737539,0.446874196,4.419449902,9.328825312,0.682711198,67.29709459,-0.011930014,0.290894786,0.664047151,0.05108055,1018,0
-0.029028926,0.322176309,5.016949153,11.82861041,0.573849879,30.14918367,-0.000262238,0.222363054,0.496368039,0.021791768,413,0
-0.09924812,0.226942356,4.782287823,12.83297306,0.52398524,25.91372845,-0.087686012,0.200756448,0.472324723,0.036900369,271,0
-0.105776515,0.296717172,4.950953678,11.98990251,0.528610354,46.18373034,-0.137639553,0.243431021,0.455040872,0.027247956,367,0
0.05473644,0.465420486,4.903712297,11.21325422,0.576566125,46.24624707,0.018522944,0.39194632,0.515081206,0.032482599,862,0
0.123809524,0.342857143,5.68202765,13.08079235,0.470046083,10.77474766,0.109259259,0.227777778,0.442396313,0.00921659,217,0
0.049151604,0.355766504,5.109318996,12.40097994,0.505376344,36.07910448,0.030529251,0.327373292,0.455197133,0.016129032,558,0
0.052004919,0.30059937,5.019230769,12.87978077,0.471153846,44.74182477,0.046770069,0.219757199,0.424145299,0.02991453,936,0
0.021464646,0.295159933,5.002754821,11.40511201,0.584022039,35.12181364,0.022985537,0.222451791,0.506887052,0.024793388,363,0
0.005272109,0.559863946,4.838983051,12.47883164,0.563559322,22.98651917,0.038988095,0.62827381,0.516949153,0.033898305,236,0
0.106945089,0.379046459,4.197362637,9.367907326,0.67956044,73.43555085,0.081024271,0.249179293,0.619340659,0.049230769,2275,0
0.020993031,0.492653891,4.833333333,10.13917442,0.634353741,52.49181944,0.009017053,0.347434041,0.56122449,0.030612245,588,0
0.041214183,0.394648526,4.634696756,10.70524685,0.597320169,57.74303649,0.020089539,0.301644018,0.54583921,0.039492243,1418,0
0.042617394,0.369882606,4.985902256,12.52437504,0.520676692,34.58370638,0.044329205,0.287152277,0.462406015,0.041353383,1064,0
-0.004492373,0.341532416,4.70125,11.39146053,0.575,51.03276005,-0.021599661,0.263513942,0.525,0.055,800,0
